scenario,frame,seat_0,seat_1,seat_2,seat_3,seat_4,seat_5,seat_6,seat_7,seat_8,seat_9,seat_10,seat_11,seat_12,seat_13,seat_14
scen1,frame_00252.jpg,0,0,1,1,0,1,0,1,1,0,0,0,1,0,0
scen1,frame_00253.jpg,0,0,1,1,0,1,0,1,1,0,0,0,1,0,0
scen1,frame_00254.jpg,0,0,1,1,0,1,0,1,1,0,0,0,1,0,0
scen1,frame_00255.jpg,0,0,1,1,0,1,0,1,1,0,0,0,1,0,0
scen1,frame_00256.jpg,0,0,1,1,0,1,0,1,1,0,0,0,1,0,0
scen1,frame_00257.jpg,0,0,1,1,0,1,0,1,1,0,0,0,1,0,0
scen1,frame_00258.jpg,0,0,1,1,0,1,0,1,1,0,0,0,1,0,0
scen1,frame_00259.jpg,0,0,1,1,0,1,0,0,1,0,0,0,1,0,0
scen1,frame_00260.jpg,0,0,1,1,0,1,0,0,1,0,0,0,1,0,0
scen1,frame_00261.jpg,0,0,1,1,0,1,0,0,1,0,0,0,1,0,0
scen1,frame_00262.jpg,0,0,1,1,0,1,0,0,1,0,0,0,1,0,0
scen1,frame_00263.jpg,0,0,1,1,0,1,0,0,1,0,0,0,1,0,0
scen1,frame_00264.jpg,0,0,1,1,0,1,0,0,1,0,0,0,1,0,0
scen1,frame_00265.jpg,0,0,1,1,0,1,0,0,1,0,0,0,1,0,0
scen1,frame_00266.jpg,0,0,1,1,0,1,0,0,1,0,0,0,1,0,0
scen1,frame_00267.jpg,0,0,1,1,0,0,0,1,1,0,0,0,1,0,0
scen1,frame_00268.jpg,0,0,1,1,0,0,0,1,1,0,0,0,1,0,0
scen1,frame_00269.jpg,0,0,1,1,0,1,0,1,1,0,0,0,1,0,0
scen1,frame_00270.jpg,0,0,1,1,0,1,0,1,1,0,0,0,1,0,0
scen1,frame_00271.jpg,0,0,1,1,0,1,0,1,1,0,0,0,1,0,0
scen1,frame_00272.jpg,0,0,1,1,0,1,0,1,1,0,0,0,1,0,0
scen1,frame_00273.jpg,0,0,1,1,0,1,0,1,1,0,0,0,1,0,0
scen1,frame_00274.jpg,0,0,1,0,0,1,0,1,1,0,0,0,1,0,0
scen1,frame_00275.jpg,0,0,1,1,0,1,0,1,1,0,0,0,1,0,0
scen1,frame_00276.jpg,0,0,1,1,0,1,0,1,1,0,0,0,1,0,0
scen1,frame_00277.jpg,0,0,1,1,0,1,0,1,1,0,0,0,1,0,0
scen1,frame_00278.jpg,0,0,1,1,0,1,0,1,1,0,0,0,1,0,0
scen1,frame_00279.jpg,0,0,1,1,0,1,0,1,1,0,0,0,1,0,0
scen1,frame_00280.jpg,0,0,1,1,0,1,0,1,1,0,0,0,1,0,0
scen1,frame_00281.jpg,0,0,1,1,0,1,0,1,1,0,0,0,1,0,0
scen1,frame_00282.jpg,0,0,1,1,0,1,0,1,1,0,0,0,1,0,0
scen1,frame_00283.jpg,0,0,1,1,0,1,0,1,1,1,0,0,1,0,0
scen1,frame_00284.jpg,0,0,1,1,0,1,0,1,1,0,0,0,1,0,0
scen1,frame_00285.jpg,0,0,1,1,0,1,0,1,1,0,0,0,1,0,0
scen1,frame_00286.jpg,0,0,1,1,0,1,0,1,1,0,0,0,1,0,0
scen1,frame_00287.jpg,0,0,1,1,0,1,0,1,1,0,0,0,1,0,0
scen1,frame_00288.jpg,0,0,1,1,0,1,0,1,1,0,0,0,1,0,0
scen1,frame_00289.jpg,0,0,1,1,0,1,0,1,1,0,0,0,1,0,0
scen1,frame_00290.jpg,0,0,1,1,0,1,0,1,1,0,0,0,1,0,0
scen1,frame_00291.jpg,0,0,1,1,0,1,0,1,1,0,0,0,1,0,0
scen1,frame_00292.jpg,0,0,1,1,0,1,0,1,1,0,0,0,1,0,0
scen1,frame_00293.jpg,0,0,1,1,0,1,0,1,1,0,0,0,1,0,0
scen1,frame_00294.jpg,0,0,1,1,0,1,0,1,1,0,0,0,1,0,0
scen1,frame_00295.jpg,0,0,1,1,0,1,0,1,1,0,0,0,1,0,0
scen1,frame_00296.jpg,0,0,1,1,0,1,0,1,1,0,0,0,1,0,0
scen1,frame_00297.jpg,0,0,1,1,0,1,0,1,1,0,0,0,1,0,0
scen1,frame_00298.jpg,0,0,1,1,0,1,0,1,1,0,0,0,1,0,0
scen1,frame_00299.jpg,0,0,1,1,0,1,0,1,1,0,0,0,1,0,0
scen1,frame_00300.jpg,0,0,1,1,0,1,0,1,1,0,0,0,1,0,0
scen1,frame_00301.jpg,0,0,1,1,0,1,0,1,1,0,0,0,1,0,0
scen1,frame_00302.jpg,0,0,1,1,0,1,0,1,1,0,0,0,1,0,0
scen1,frame_00303.jpg,0,0,1,1,0,1,0,1,1,0,0,0,1,0,0
scen1,frame_00304.jpg,0,0,1,1,0,1,0,1,1,0,0,0,1,0,0
scen1,frame_00305.jpg,0,0,1,1,0,1,0,1,1,0,0,0,1,0,0
scen1,frame_00306.jpg,0,0,1,1,0,1,0,1,1,0,0,0,1,0,0
scen1,frame_00307.jpg,0,0,1,1,0,1,0,1,1,0,0,0,1,0,0
scen1,frame_00308.jpg,0,0,1,1,0,1,0,1,1,0,0,0,1,0,0
scen1,frame_00309.jpg,0,0,1,1,0,1,0,1,1,0,0,0,1,0,0
scen1,frame_00310.jpg,0,0,1,1,0,1,0,1,1,0,0,0,1,0,0
scen1,frame_00311.jpg,0,0,1,1,0,1,0,1,1,0,0,0,1,0,0
scen1,frame_00312.jpg,0,0,1,1,0,1,0,1,1,0,0,0,1,0,0
scen1,frame_00313.jpg,0,0,1,1,0,1,0,1,1,0,0,0,1,0,0
scen1,frame_00314.jpg,0,0,1,1,0,1,0,1,1,0,0,0,1,0,0
scen1,frame_00315.jpg,0,0,1,1,0,1,0,1,1,0,0,0,1,0,0
scen1,frame_00316.jpg,0,0,1,1,0,1,0,1,1,0,0,0,1,0,0
scen1,frame_00317.jpg,0,0,1,1,0,1,0,1,1,0,0,0,1,0,0
scen1,frame_00318.jpg,0,0,1,1,0,1,0,1,1,0,0,0,1,0,0
scen1,frame_00319.jpg,0,0,1,1,0,1,0,1,1,0,0,0,1,0,0
scen1,frame_00320.jpg,0,0,1,1,0,1,0,1,1,0,0,0,1,0,0
scen1,frame_00321.jpg,0,0,1,1,0,1,0,1,1,0,0,0,1,0,0
scen1,frame_00322.jpg,0,0,1,1,0,1,0,1,1,0,0,0,1,0,0
scen1,frame_00323.jpg,0,0,1,1,0,1,0,1,1,0,0,0,1,0,0
scen1,frame_00324.jpg,0,0,1,1,0,1,0,1,1,0,0,0,1,0,0
scen1,frame_00325.jpg,0,0,1,1,0,1,0,1,1,0,0,0,1,0,0
scen1,frame_00326.jpg,0,0,1,1,0,1,0,1,1,0,0,0,1,0,0
scen1,frame_00327.jpg,0,0,1,1,0,1,0,1,1,0,0,0,1,0,0
scen1,frame_00328.jpg,0,0,1,1,0,1,0,1,1,0,0,0,1,0,0
scen1,frame_00329.jpg,0,0,1,1,0,1,0,1,1,0,0,0,1,0,0
scen1,frame_00330.jpg,0,0,1,1,0,1,0,1,1,0,0,0,1,0,0
scen1,frame_00331.jpg,0,0,1,1,0,1,0,1,1,0,0,0,1,0,0
scen1,frame_00332.jpg,0,0,1,1,0,1,0,1,1,0,0,0,1,0,0
scen1,frame_00333.jpg,0,0,1,1,0,1,0,1,1,0,0,0,1,0,0
scen1,frame_00334.jpg,0,0,1,1,0,1,0,1,1,0,0,0,1,0,0
scen1,frame_00335.jpg,0,0,1,1,0,1,0,1,1,0,0,0,1,0,0
scen1,frame_00336.jpg,0,0,1,1,0,1,0,1,1,0,0,0,1,0,0
scen1,frame_00337.jpg,0,0,1,1,0,1,0,1,1,0,0,0,1,0,0
scen1,frame_00338.jpg,0,0,1,1,0,1,0,1,1,0,0,0,1,0,0
scen1,frame_00339.jpg,0,0,1,1,0,1,0,1,1,0,0,0,1,0,0
scen1,frame_00340.jpg,0,0,1,1,0,1,0,1,1,0,0,0,1,0,0
scen1,frame_00341.jpg,0,0,1,1,0,1,0,1,1,1,0,0,1,0,0
scen1,frame_00342.jpg,0,0,1,1,0,1,0,1,1,1,0,0,1,0,0
scen1,frame_00343.jpg,0,0,1,1,0,1,0,1,1,0,0,0,1,0,0
scen1,frame_00344.jpg,0,0,1,1,0,1,0,1,1,0,0,0,1,0,0
scen1,frame_00345.jpg,0,0,1,1,0,1,0,1,1,0,0,0,1,0,0
scen1,frame_00496.jpg,0,0,1,0,0,1,0,1,1,1,1,1,0,0,1
scen1,frame_00497.jpg,0,0,1,0,0,1,0,1,1,1,1,1,0,1,1
scen1,frame_00498.jpg,0,0,1,0,0,1,0,1,1,1,1,1,0,1,1
scen1,frame_00499.jpg,0,0,1,0,0,1,0,1,1,1,1,1,0,0,1
scen1,frame_00500.jpg,0,0,1,0,0,1,0,1,1,1,1,1,0,1,1
scen1,frame_00501.jpg,0,0,1,0,0,1,0,1,1,1,1,1,0,1,1
scen1,frame_00502.jpg,0,0,1,0,0,1,0,1,1,1,1,1,0,0,1
scen1,frame_00503.jpg,0,0,1,0,0,1,0,1,1,1,1,1,0,0,1
scen1,frame_00504.jpg,0,0,1,0,0,1,0,1,1,1,1,1,0,0,1
scen1,frame_00505.jpg,0,0,1,0,0,1,0,1,1,1,1,1,0,0,1
scen1,frame_00506.jpg,0,0,1,0,0,1,0,1,1,1,1,1,0,0,1
scen1,frame_00507.jpg,0,0,1,0,0,1,0,1,1,1,1,1,0,0,1
scen1,frame_00508.jpg,0,0,1,0,0,1,0,1,1,1,1,1,0,0,1
scen1,frame_00509.jpg,0,0,1,0,0,1,0,1,1,1,1,1,0,0,1
scen1,frame_00510.jpg,0,0,1,0,0,1,0,1,1,1,1,1,0,0,1
scen1,frame_00511.jpg,0,0,1,0,0,1,0,1,1,1,1,1,0,0,1
scen1,frame_00512.jpg,0,0,1,0,0,1,0,1,1,1,1,1,0,0,1
scen1,frame_00513.jpg,0,0,1,0,0,1,0,1,1,1,1,1,0,0,1
scen1,frame_00514.jpg,0,0,1,0,0,1,0,1,1,1,1,1,0,0,1
scen1,frame_00515.jpg,0,0,1,0,0,1,0,1,1,1,1,1,0,0,1
scen1,frame_00516.jpg,0,0,1,0,0,1,0,1,1,1,1,1,0,0,1
scen1,frame_00517.jpg,0,0,1,0,0,1,0,1,1,1,1,1,0,0,1
scen1,frame_00518.jpg,0,0,1,0,0,1,0,1,1,1,1,1,0,0,1
scen1,frame_00519.jpg,0,0,1,0,0,1,0,1,1,1,1,1,0,0,1
scen1,frame_00520.jpg,0,0,1,0,0,1,0,1,1,1,1,1,0,0,1
scen1,frame_00521.jpg,0,0,1,0,0,1,0,1,1,1,1,1,0,0,1
scen1,frame_00522.jpg,0,0,1,0,0,1,0,1,1,1,1,1,0,0,1
scen1,frame_00523.jpg,0,0,1,0,0,1,0,1,1,1,1,1,0,0,1
scen1,frame_00524.jpg,0,0,1,0,0,1,0,1,1,1,1,1,0,0,1
scen1,frame_00525.jpg,0,0,1,0,0,1,0,1,1,1,1,1,0,0,1
scen1,frame_00526.jpg,0,0,1,0,0,1,0,1,1,1,1,1,0,0,1
scen1,frame_00527.jpg,0,0,1,0,0,1,0,1,1,1,1,1,0,0,1
scen1,frame_00528.jpg,0,0,1,0,0,1,0,1,1,1,1,1,0,0,1
scen1,frame_00529.jpg,0,0,1,0,0,1,0,1,1,1,1,1,0,0,1
scen1,frame_00530.jpg,0,0,1,0,0,1,0,1,1,1,1,1,0,0,1
scen1,frame_00531.jpg,0,0,1,0,0,1,0,1,1,1,1,1,0,0,1
scen1,frame_00532.jpg,0,0,1,0,0,1,0,1,1,1,1,1,0,0,1
scen1,frame_00533.jpg,0,0,1,0,0,1,0,1,1,1,1,1,0,0,1
scen1,frame_00534.jpg,0,0,1,0,0,1,0,1,1,1,1,1,0,0,1
scen1,frame_00535.jpg,0,0,1,0,0,1,0,1,1,1,1,1,0,0,1
scen1,frame_00536.jpg,0,0,1,0,0,1,0,1,1,1,1,1,0,0,1
scen1,frame_00537.jpg,0,0,1,0,0,1,0,1,1,1,1,1,0,0,1
scen1,frame_00538.jpg,0,0,1,0,0,1,0,1,1,1,1,1,0,0,1
scen1,frame_00539.jpg,0,0,1,0,1,1,0,1,1,1,1,1,0,0,1
scen1,frame_00540.jpg,0,0,1,0,0,1,0,1,1,1,0,1,0,0,1
scen1,frame_00541.jpg,0,0,1,0,0,1,0,1,1,1,1,1,0,0,1
scen1,frame_00542.jpg,0,0,1,0,0,1,0,1,1,1,1,1,0,0,1
scen1,frame_00543.jpg,0,0,1,1,0,1,0,1,1,1,1,1,0,0,1
scen1,frame_00544.jpg,0,0,1,0,0,1,0,1,1,1,0,1,0,0,1
scen1,frame_00545.jpg,0,0,1,0,0,1,0,1,1,1,0,1,0,0,1
scen1,frame_00546.jpg,0,0,1,0,0,1,0,1,1,1,0,1,0,0,1
scen1,frame_00547.jpg,0,0,1,0,0,1,0,1,1,1,0,1,0,0,1
scen1,frame_00548.jpg,0,0,1,0,0,1,0,1,1,1,0,1,0,0,1
scen1,frame_00549.jpg,0,0,1,0,0,1,0,1,1,1,0,1,0,0,1
scen1,frame_00550.jpg,0,0,1,0,0,1,0,1,1,1,1,1,0,0,1
scen1,frame_00551.jpg,0,0,1,0,0,1,0,1,1,1,0,1,0,0,1
scen1,frame_00552.jpg,0,0,1,0,0,1,0,1,1,1,0,1,0,0,1
scen1,frame_00553.jpg,0,0,1,0,0,1,0,1,1,1,0,1,0,0,1
scen1,frame_00554.jpg,0,0,1,0,0,1,0,1,1,1,0,1,0,0,1
scen1,frame_00555.jpg,0,0,1,0,0,1,0,1,1,1,0,1,0,0,1
scen1,frame_00556.jpg,0,0,1,0,0,1,0,1,1,1,1,1,0,0,1
scen1,frame_00557.jpg,0,0,1,0,0,1,0,1,1,1,1,1,0,0,1
scen1,frame_00558.jpg,0,0,1,0,0,1,0,1,1,1,1,1,0,0,1
scen1,frame_00559.jpg,0,0,1,0,0,1,0,1,1,1,1,1,0,0,1
scen1,frame_00560.jpg,0,0,1,0,0,1,0,1,1,1,1,1,0,0,1
scen1,frame_00561.jpg,0,0,1,0,0,1,0,1,1,1,1,1,0,0,1
scen1,frame_00562.jpg,0,0,1,0,0,1,0,1,1,1,1,1,0,0,1
scen1,frame_00563.jpg,0,0,1,0,0,1,0,1,1,1,1,1,0,0,1
scen1,frame_00564.jpg,0,0,1,0,0,1,0,1,1,1,1,1,0,0,1
scen1,frame_00565.jpg,0,0,1,0,0,1,0,1,1,1,1,1,0,0,1
scen1,frame_00566.jpg,0,0,1,0,1,1,0,1,1,1,1,1,0,0,1
scen1,frame_00567.jpg,0,0,1,0,0,1,0,1,1,1,1,1,0,0,1
scen1,frame_00568.jpg,0,0,1,0,0,1,0,1,1,1,1,1,0,0,1
scen1,frame_00569.jpg,0,0,1,0,0,1,0,1,1,1,1,1,0,0,1
scen1,frame_00570.jpg,0,0,1,0,0,1,0,1,1,1,1,1,0,0,1
scen1,frame_00571.jpg,0,0,1,0,0,1,0,1,1,1,1,1,0,0,1
scen1,frame_00572.jpg,0,0,1,0,0,1,0,1,1,1,1,1,0,0,1
scen1,frame_00573.jpg,0,0,1,0,0,1,0,1,1,1,1,1,0,0,1
scen1,frame_00574.jpg,0,0,1,0,0,1,0,1,1,1,1,1,0,0,1
scen1,frame_00575.jpg,0,0,1,0,0,1,0,1,1,1,1,1,0,0,1
scen1,frame_00576.jpg,0,0,1,0,0,1,0,1,1,1,1,1,0,0,1
scen1,frame_00577.jpg,0,0,1,0,0,1,0,1,1,1,1,1,0,0,1
scen1,frame_00578.jpg,0,0,1,0,0,1,0,1,1,1,1,1,0,0,1
scen1,frame_00579.jpg,0,0,1,0,0,1,0,1,1,1,1,1,0,0,1
scen1,frame_00580.jpg,0,0,1,0,0,1,0,1,1,1,1,1,0,0,1
scen1,frame_00581.jpg,0,0,1,0,0,1,0,1,1,1,1,1,0,0,1
scen1,frame_00582.jpg,0,0,1,0,0,1,0,1,1,1,1,1,0,0,1
scen1,frame_00583.jpg,0,0,1,0,0,1,0,1,1,1,1,1,0,0,1
scen1,frame_00584.jpg,0,0,1,0,0,1,0,1,1,1,1,1,0,0,1
scen1,frame_00585.jpg,0,0,1,0,0,1,0,1,1,1,1,1,0,0,1
scen1,frame_00586.jpg,0,0,1,0,0,1,0,1,1,1,1,1,0,0,1
scen1,frame_00587.jpg,0,0,1,0,0,1,0,1,1,1,1,1,0,0,1
scen1,frame_00588.jpg,0,0,1,0,0,1,0,1,1,1,1,1,0,0,1
scen1,frame_00589.jpg,0,0,1,0,0,1,0,1,1,1,1,1,0,0,1
scen1,frame_00590.jpg,0,0,1,0,0,1,0,1,1,1,1,1,0,0,1
scen1,frame_00591.jpg,0,0,1,0,0,1,0,1,1,1,1,1,0,0,1
scen1,frame_00592.jpg,0,0,1,0,0,1,0,1,1,1,1,1,0,0,1
scen1,frame_00593.jpg,0,0,1,0,0,1,0,1,1,1,1,1,0,0,1
scen1,frame_00594.jpg,0,0,1,0,0,1,0,1,1,1,1,1,0,0,1
scen1,frame_00595.jpg,0,0,1,1,0,1,0,1,1,1,1,1,0,0,1
scen1,frame_00596.jpg,0,0,1,0,0,1,0,1,1,1,1,1,0,0,1
scen1,frame_00597.jpg,0,0,1,0,0,1,0,1,1,1,1,1,0,0,1
scen1,frame_00598.jpg,0,0,1,0,0,1,0,1,1,1,1,1,0,0,1
scen1,frame_00599.jpg,0,0,1,0,0,1,0,1,1,1,1,1,0,0,1
scen1,frame_00600.jpg,0,0,1,0,0,1,0,1,1,1,1,1,0,0,1
scen1,frame_00601.jpg,0,0,1,0,0,1,0,1,1,1,1,1,0,0,1
scen1,frame_00602.jpg,0,0,1,0,0,1,0,1,1,1,1,1,0,0,1
scen1,frame_00603.jpg,0,0,1,0,0,1,0,1,1,1,1,1,0,0,1
scen1,frame_00604.jpg,0,0,1,0,0,1,0,1,1,1,1,1,0,0,1
scen1,frame_00605.jpg,0,0,1,0,0,1,0,1,1,1,1,1,0,0,1
scen1,frame_00606.jpg,0,0,1,0,0,1,0,1,1,1,1,1,0,0,1
scen1,frame_00607.jpg,0,0,1,0,0,1,0,1,1,1,1,1,0,0,1
scen1,frame_00608.jpg,0,0,1,1,0,1,0,1,1,1,1,1,0,0,1
scen1,frame_00609.jpg,0,0,1,0,0,1,0,1,1,1,1,1,0,0,1
scen1,frame_00610.jpg,0,0,1,0,0,1,0,1,1,1,1,1,0,0,1
scen1,frame_00611.jpg,0,0,1,0,0,1,0,1,1,1,1,1,0,0,1
scen1,frame_00612.jpg,0,0,1,0,0,1,0,1,1,1,1,1,0,0,1
scen1,frame_00613.jpg,0,0,1,0,0,1,0,1,1,1,1,1,0,0,1
scen1,frame_00614.jpg,0,0,1,0,0,1,0,1,1,1,1,1,0,0,1
scen1,frame_00615.jpg,0,0,1,0,0,1,0,1,1,1,1,1,0,0,1
scen1,frame_00616.jpg,0,0,1,0,0,1,0,1,1,1,1,1,0,0,1
scen1,frame_00617.jpg,0,0,1,0,0,1,0,1,1,1,1,1,0,0,1
scen1,frame_00618.jpg,0,0,1,0,0,1,0,1,1,1,1,1,0,0,1
scen1,frame_00619.jpg,0,0,1,0,0,1,0,1,1,1,1,1,0,0,1
scen1,frame_00620.jpg,0,0,1,0,0,1,0,1,1,1,1,1,0,0,1
scen1,frame_00621.jpg,0,0,1,0,0,1,0,1,1,1,1,1,0,0,1
scen1,frame_00622.jpg,0,0,1,0,0,1,0,1,1,1,1,1,0,0,1
scen1,frame_00623.jpg,0,0,1,0,0,1,0,1,1,1,1,1,0,0,1
scen1,frame_00624.jpg,0,0,1,0,0,1,0,1,1,1,1,1,0,0,1
scen1,frame_00625.jpg,0,0,1,0,0,1,0,1,1,1,1,1,0,0,1
scen1,frame_00626.jpg,0,0,1,0,0,1,0,1,1,1,1,1,0,0,1
scen1,frame_00627.jpg,0,0,1,0,0,1,0,1,1,1,1,1,0,0,1
scen1,frame_00628.jpg,0,0,1,0,0,1,0,1,1,1,1,1,0,0,1
scen1,frame_00629.jpg,0,0,1,0,0,1,0,1,1,1,1,1,0,0,1
scen1,frame_00630.jpg,0,0,1,0,0,1,0,1,1,1,1,1,0,0,1
scen1,frame_00631.jpg,0,0,1,0,0,1,0,1,1,1,1,1,0,0,1
scen1,frame_00632.jpg,0,0,1,0,0,1,0,1,1,1,1,1,0,0,1
scen1,frame_00633.jpg,0,0,1,0,0,1,0,1,1,1,1,1,0,0,1
scen1,frame_00634.jpg,0,0,1,0,0,1,0,1,1,1,1,1,0,0,1
scen1,frame_00635.jpg,0,0,1,0,0,1,0,1,1,1,1,1,0,0,1
scen1,frame_00636.jpg,0,0,1,0,0,1,0,1,1,1,1,1,0,0,1
scen1,frame_00637.jpg,0,0,1,0,0,1,0,1,1,1,1,1,0,0,1
scen1,frame_00638.jpg,0,0,1,0,1,1,0,1,1,1,1,1,0,0,1
scen1,frame_00639.jpg,0,0,1,0,1,1,0,1,1,1,1,1,0,0,1
scen1,frame_00640.jpg,0,0,1,0,0,1,0,1,1,1,1,1,0,0,1
scen1,frame_00641.jpg,0,0,1,0,0,1,0,1,1,1,1,1,0,0,1
scen1,frame_00642.jpg,0,0,1,0,0,1,0,1,1,1,1,1,0,0,1
scen1,frame_00643.jpg,0,0,1,0,0,1,0,1,1,1,1,1,0,0,1
scen1,frame_00644.jpg,0,0,1,0,0,1,0,1,1,1,1,1,0,0,1
scen1,frame_00645.jpg,0,0,1,0,0,1,0,1,1,1,1,1,0,0,1
scen1,frame_00646.jpg,0,0,1,0,0,1,0,1,1,1,1,1,0,0,1
scen1,frame_00647.jpg,0,0,1,0,0,1,0,1,1,1,1,1,0,0,1
scen1,frame_00648.jpg,0,0,1,0,0,1,0,1,1,1,1,1,0,0,1
scen1,frame_00649.jpg,0,0,1,0,0,1,0,1,1,1,1,1,0,0,1
scen1,frame_00650.jpg,0,0,1,0,0,1,0,1,1,1,1,1,0,0,1
scen1,frame_00651.jpg,0,0,1,0,0,1,0,1,1,1,1,1,0,0,1
scen1,frame_00652.jpg,0,0,1,0,0,1,0,1,1,1,1,1,0,0,1
scen1,frame_00653.jpg,0,0,1,0,0,1,0,1,1,1,1,1,0,0,1
scen1,frame_00654.jpg,0,0,1,0,0,1,0,1,1,1,1,1,0,0,1
scen1,frame_00655.jpg,0,0,1,0,0,1,0,1,1,1,1,1,0,0,1
scen1,frame_00656.jpg,0,0,1,0,0,1,0,1,1,1,1,1,0,0,1
scen1,frame_00657.jpg,0,0,1,0,0,1,0,1,1,1,1,1,0,0,1
scen1,frame_00658.jpg,0,0,1,0,0,1,0,1,1,1,1,1,0,0,1
scen1,frame_00659.jpg,0,0,1,0,0,1,0,1,1,1,1,1,0,0,1
scen1,frame_00660.jpg,0,0,1,0,0,1,0,1,1,1,1,1,0,0,1
scen1,frame_00661.jpg,0,0,1,0,0,1,0,1,1,1,1,1,0,0,1
scen1,frame_00662.jpg,0,0,1,0,0,1,0,1,1,1,1,1,0,0,1
scen1,frame_00663.jpg,0,0,1,0,1,0,0,1,1,1,1,1,0,0,1
scen1,frame_00664.jpg,0,0,1,0,1,0,0,1,1,1,1,1,0,0,1
scen1,frame_00665.jpg,0,0,1,0,1,0,0,1,1,1,1,1,0,0,1
scen1,frame_00666.jpg,0,0,1,0,1,0,0,1,1,1,1,1,0,0,1
scen1,frame_00667.jpg,0,0,1,0,1,0,0,1,1,1,1,1,0,0,1
scen1,frame_00668.jpg,0,0,1,0,1,0,0,1,1,1,1,1,0,0,1
scen1,frame_00669.jpg,0,0,1,0,1,0,0,1,1,1,1,1,0,0,1
scen1,frame_00670.jpg,0,0,1,0,1,0,0,1,1,1,1,1,0,0,1
scen1,frame_00671.jpg,0,0,1,0,1,0,0,1,1,1,1,1,0,0,1
scen1,frame_00672.jpg,0,0,1,0,1,0,0,1,1,1,1,1,0,0,1
scen1,frame_00673.jpg,0,0,1,0,1,0,0,1,1,1,1,1,0,0,1
scen1,frame_00674.jpg,0,0,1,0,1,0,0,1,1,1,1,1,0,0,1
scen1,frame_00675.jpg,0,0,1,0,1,0,0,1,1,1,1,1,0,0,1
scen1,frame_00676.jpg,0,0,1,0,1,0,0,1,1,1,1,1,0,0,1
scen1,frame_00677.jpg,0,0,1,0,1,0,0,1,1,1,1,1,0,0,1
scen1,frame_00678.jpg,0,0,1,0,1,0,0,1,1,1,1,1,0,0,1
scen1,frame_00679.jpg,0,0,1,0,1,0,0,1,1,1,1,1,0,0,1
scen1,frame_00680.jpg,0,0,1,0,1,0,0,1,1,1,1,1,0,0,1
scen1,frame_00681.jpg,0,0,1,0,1,0,0,1,1,1,1,1,0,0,1
scen1,frame_00682.jpg,0,0,1,0,1,0,0,1,1,1,1,1,0,0,1
scen1,frame_00683.jpg,0,0,1,0,1,0,0,1,1,1,1,1,0,0,1
scen1,frame_00684.jpg,0,0,1,0,1,0,0,1,1,1,1,1,0,0,1
scen1,frame_00685.jpg,0,0,1,0,1,0,0,1,1,1,1,1,0,0,1
scen1,frame_00686.jpg,0,0,1,0,1,0,0,1,1,1,1,1,0,0,1
scen1,frame_00687.jpg,0,0,1,0,1,0,0,1,1,1,1,1,0,0,1
scen1,frame_00688.jpg,0,0,1,0,1,0,0,1,1,1,1,1,0,0,1
scen1,frame_00689.jpg,0,0,1,0,1,0,0,1,1,1,1,1,0,0,1
scen1,frame_00690.jpg,0,0,1,0,1,0,0,1,1,1,1,1,0,0,1
scen1,frame_00691.jpg,0,0,1,0,1,0,0,1,1,1,1,1,0,0,1
scen1,frame_00692.jpg,0,0,1,0,1,0,0,1,1,1,1,1,0,0,1
scen1,frame_00693.jpg,0,0,1,0,1,0,0,1,1,1,1,1,0,0,1
scen1,frame_00694.jpg,0,0,1,0,1,0,0,1,1,1,1,1,0,0,1
scen1,frame_00695.jpg,0,0,1,0,1,0,0,1,1,1,1,1,0,0,1
scen1,frame_00696.jpg,0,0,1,0,1,0,0,1,1,1,1,1,0,0,1
scen1,frame_00697.jpg,0,0,1,0,1,0,0,1,1,1,1,1,0,0,1
scen1,frame_00698.jpg,0,0,1,0,1,0,0,1,1,1,1,1,0,0,1
scen1,frame_00699.jpg,0,0,1,0,1,0,0,1,1,1,0,1,0,0,1
scen1,frame_00700.jpg,0,0,1,0,1,0,0,1,1,1,0,1,0,0,1
scen1,frame_00701.jpg,0,0,1,0,1,0,0,1,1,1,0,1,0,0,1
scen1,frame_00702.jpg,0,0,1,0,1,0,0,1,1,1,0,1,0,0,1
scen1,frame_00703.jpg,0,0,1,0,1,0,0,0,1,1,0,1,0,0,1
scen1,frame_00704.jpg,0,0,1,0,1,0,0,0,1,1,0,1,0,0,1
scen2,frame_00000.jpg,0,0,1,0,1,0,0,1,1,1,0,1,0,0,1
scen2,frame_00001.jpg,0,0,1,0,1,0,0,1,1,1,0,1,0,0,1
scen2,frame_00002.jpg,0,0,1,0,1,0,0,1,1,1,0,1,0,0,1
scen2,frame_00003.jpg,0,0,1,0,1,0,0,1,1,1,0,1,0,0,1
scen2,frame_00004.jpg,0,0,1,0,1,0,0,1,1,1,1,1,0,0,1
scen2,frame_00005.jpg,0,0,1,0,1,0,0,1,1,1,0,1,0,0,1
scen2,frame_00006.jpg,0,0,1,0,1,0,0,1,1,1,1,1,0,0,1
scen2,frame_00007.jpg,0,0,1,0,1,0,0,1,1,1,0,1,0,0,1
scen2,frame_00008.jpg,0,0,1,0,1,0,0,1,1,1,1,1,0,0,1
scen2,frame_00009.jpg,0,0,1,0,1,0,0,1,1,1,1,1,0,0,1
scen2,frame_00010.jpg,0,0,1,0,1,0,0,1,1,1,1,1,0,0,1
scen2,frame_00011.jpg,0,0,1,0,1,0,0,1,1,1,1,1,0,0,1
scen2,frame_00012.jpg,0,0,1,0,1,0,0,1,1,1,1,1,0,0,1
scen2,frame_00013.jpg,0,0,1,0,1,0,0,1,1,1,1,1,0,0,1
scen2,frame_00014.jpg,0,0,1,0,1,0,0,1,1,1,1,1,0,0,1
scen2,frame_00015.jpg,0,0,1,0,1,0,0,1,1,1,1,1,0,0,1
scen2,frame_00016.jpg,0,0,1,0,1,0,0,1,1,1,1,1,0,0,1
scen2,frame_00017.jpg,0,0,1,0,1,0,0,1,1,1,1,1,0,0,1
scen2,frame_00018.jpg,0,0,1,0,1,0,0,1,1,1,1,1,0,0,1
scen2,frame_00019.jpg,0,0,1,0,1,0,0,1,1,1,1,1,0,0,1
scen2,frame_00020.jpg,0,0,1,0,1,0,0,1,1,1,1,1,0,0,1
scen2,frame_00021.jpg,0,0,1,0,1,0,0,1,1,1,1,1,0,0,1
scen2,frame_00022.jpg,0,0,1,0,1,0,0,1,1,1,1,1,0,0,1
scen2,frame_00023.jpg,0,0,1,0,1,0,0,1,1,1,1,1,0,0,1
scen2,frame_00024.jpg,0,0,1,0,1,0,0,1,1,1,1,1,0,0,1
scen2,frame_00025.jpg,0,0,1,0,1,0,0,1,1,1,0,1,0,0,1
scen2,frame_00026.jpg,0,0,1,0,1,0,0,1,1,1,1,1,0,0,1
scen2,frame_00027.jpg,0,0,1,0,1,0,0,1,1,1,1,1,0,0,1
scen2,frame_00028.jpg,0,0,1,0,1,0,0,1,1,1,1,1,0,0,1
scen2,frame_00029.jpg,0,0,1,0,1,0,0,1,1,1,1,1,0,0,1
scen2,frame_00030.jpg,0,0,1,0,1,0,0,1,1,1,1,1,0,0,1
scen2,frame_00031.jpg,0,0,1,0,1,0,0,1,1,1,1,1,0,0,1
scen2,frame_00032.jpg,0,0,1,0,1,0,0,1,1,1,1,1,0,0,1
scen2,frame_00033.jpg,0,0,1,0,1,0,0,1,1,1,1,1,0,0,1
scen2,frame_00034.jpg,0,0,1,0,1,0,0,1,1,1,1,1,0,0,1
scen2,frame_00035.jpg,0,0,1,0,1,0,0,1,1,1,1,1,0,0,1
scen2,frame_00135.jpg,0,0,1,0,1,1,1,1,0,0,0,0,0,1,1
scen2,frame_00136.jpg,0,0,1,0,1,1,1,1,0,0,0,0,0,1,1
scen2,frame_00137.jpg,0,0,1,0,1,1,1,1,0,0,0,0,0,1,1
scen2,frame_00138.jpg,0,0,1,0,1,1,1,1,0,0,0,0,0,1,1
scen2,frame_00139.jpg,0,0,1,0,1,1,1,1,0,0,0,0,0,1,1
scen2,frame_00140.jpg,0,0,1,0,1,1,1,1,0,0,0,0,0,1,1
scen2,frame_00141.jpg,0,0,1,0,1,1,1,1,0,0,0,0,0,1,1
scen2,frame_00142.jpg,0,0,1,0,1,1,1,1,0,0,0,0,0,1,1
scen2,frame_00143.jpg,0,0,1,0,1,1,1,1,1,1,0,0,0,1,1
scen2,frame_00144.jpg,0,0,1,0,1,1,1,1,0,0,0,0,0,1,1
scen2,frame_00145.jpg,0,0,1,0,1,1,1,1,0,0,0,0,0,1,1
scen2,frame_00146.jpg,0,0,1,0,1,1,1,1,0,0,0,0,0,1,1
scen2,frame_00147.jpg,0,0,1,0,1,1,1,1,0,0,0,0,0,1,1
scen2,frame_00148.jpg,0,0,1,0,1,1,1,1,0,0,0,0,0,1,1
scen2,frame_00149.jpg,0,0,1,0,1,1,1,1,1,0,0,0,0,1,1
scen2,frame_00150.jpg,0,0,1,0,1,1,1,1,1,0,0,0,0,1,1
scen2,frame_00151.jpg,0,0,1,0,1,1,1,1,0,0,0,0,0,1,1
scen2,frame_00152.jpg,0,0,1,0,1,1,1,1,1,0,0,0,0,1,1
scen2,frame_00153.jpg,0,0,1,0,1,1,1,1,1,1,0,0,0,1,1
scen2,frame_00154.jpg,0,0,1,0,1,1,1,1,1,0,0,0,0,1,1
scen2,frame_00155.jpg,0,0,1,0,1,1,1,1,0,0,0,0,0,1,1
scen2,frame_00156.jpg,0,0,1,0,1,1,1,1,1,0,0,0,0,1,1
scen2,frame_00157.jpg,0,0,1,0,1,1,1,1,1,0,0,0,0,1,1
scen2,frame_00158.jpg,0,0,1,0,1,1,1,1,1,0,0,0,0,1,1
scen2,frame_00159.jpg,0,0,1,0,1,1,1,1,1,0,0,0,0,1,1
scen2,frame_00160.jpg,0,0,1,0,1,1,1,1,1,1,0,0,0,1,1
scen2,frame_00161.jpg,0,0,1,0,1,1,1,1,1,0,0,0,0,1,1
scen2,frame_00162.jpg,0,0,1,0,1,1,1,1,1,0,0,0,0,1,1
scen2,frame_00163.jpg,0,0,1,0,1,1,1,1,0,0,0,0,0,1,1
scen2,frame_00164.jpg,0,0,1,0,1,1,1,1,1,0,0,0,0,1,1
scen2,frame_00165.jpg,0,0,1,0,1,1,1,1,1,0,0,0,0,1,1
scen2,frame_00166.jpg,0,0,1,0,1,1,1,1,1,0,0,0,0,1,1
scen2,frame_00167.jpg,0,0,1,0,1,1,1,1,1,0,0,0,0,1,1
scen2,frame_00168.jpg,0,0,1,0,1,1,1,1,0,0,0,0,0,1,1
scen2,frame_00169.jpg,0,0,1,0,1,1,1,1,0,0,0,0,0,1,1
scen2,frame_00170.jpg,0,0,1,0,1,1,1,1,0,0,0,0,0,1,1
scen2,frame_00171.jpg,0,0,1,0,1,1,1,1,1,0,0,0,0,1,1
scen2,frame_00172.jpg,0,0,1,0,1,1,1,1,1,1,0,0,0,1,1
scen2,frame_00173.jpg,0,0,1,0,1,1,1,1,0,0,0,0,0,1,1
scen2,frame_00174.jpg,0,0,1,0,1,1,1,1,0,0,0,0,0,1,1
scen2,frame_00175.jpg,0,0,1,0,1,1,1,1,1,0,0,0,0,1,1
scen2,frame_00176.jpg,0,0,1,0,1,1,1,1,0,0,0,0,0,1,1
scen2,frame_00177.jpg,0,0,1,0,1,1,1,1,0,0,0,0,0,1,1
scen2,frame_00178.jpg,0,0,1,0,1,1,1,1,0,0,0,0,0,1,0
scen2,frame_00179.jpg,0,0,1,0,1,1,1,1,0,0,0,0,0,1,0
scen2,frame_00180.jpg,0,0,1,0,1,1,1,1,0,0,0,0,0,1,0
scen2,frame_00181.jpg,0,0,1,0,1,1,1,1,0,0,0,0,0,1,0
scen2,frame_00182.jpg,0,0,1,0,1,1,1,1,0,0,0,0,0,1,0
scen2,frame_00183.jpg,0,0,1,0,1,1,1,1,0,0,0,0,0,1,0
scen2,frame_00184.jpg,0,0,1,0,1,1,1,1,0,0,0,0,0,1,0
scen2,frame_00185.jpg,0,0,1,0,1,1,1,1,0,0,0,0,0,1,0
scen2,frame_00186.jpg,0,0,1,0,1,1,1,1,0,1,0,0,0,1,0
scen2,frame_00187.jpg,0,0,1,0,1,1,1,1,0,0,0,0,0,1,0
scen2,frame_00188.jpg,0,0,1,0,1,1,1,1,0,0,0,0,0,1,0
scen2,frame_00189.jpg,0,0,1,0,1,1,1,1,0,0,0,0,0,1,1
scen2,frame_00190.jpg,0,0,1,0,1,1,1,1,0,0,0,0,0,1,1
scen2,frame_00191.jpg,0,0,1,0,1,1,1,1,0,0,0,0,0,1,1
scen2,frame_00192.jpg,0,0,1,0,1,1,1,1,0,0,0,0,0,1,1
scen2,frame_00193.jpg,0,0,1,0,1,1,1,1,0,0,0,0,0,1,1
scen2,frame_00194.jpg,0,0,1,0,1,1,1,1,0,0,0,0,0,1,1
scen2,frame_00195.jpg,0,0,1,0,1,1,1,1,1,0,0,0,0,1,1
scen2,frame_00196.jpg,0,0,1,0,1,0,1,1,1,0,0,0,0,1,1
scen2,frame_00197.jpg,0,0,1,0,1,0,1,1,1,0,0,0,0,1,1
scen2,frame_00198.jpg,0,0,1,0,1,0,1,1,1,0,0,0,0,1,1
scen2,frame_00199.jpg,0,0,1,0,1,0,1,1,1,0,0,0,0,1,1
scen2,frame_00200.jpg,0,0,1,0,1,0,1,1,1,0,0,0,0,1,1
scen2,frame_00201.jpg,0,0,1,0,1,0,1,1,1,0,0,0,0,1,1
scen2,frame_00202.jpg,0,0,1,0,1,0,1,1,1,0,0,0,0,1,1
scen2,frame_00203.jpg,0,0,1,0,1,0,1,1,1,0,0,0,0,1,1
scen2,frame_00204.jpg,0,0,1,0,1,1,1,1,1,0,0,0,0,1,1
scen2,frame_00205.jpg,0,0,1,0,1,0,1,1,1,0,0,0,0,1,1
scen2,frame_00206.jpg,0,0,1,0,1,0,1,1,1,0,0,0,0,1,1
scen2,frame_00207.jpg,0,0,1,0,1,0,1,1,1,0,0,0,0,1,1
scen2,frame_00208.jpg,0,0,1,0,1,0,1,1,1,0,0,0,0,1,1
scen2,frame_00209.jpg,0,0,1,0,1,0,1,1,1,0,0,0,0,1,1
scen2,frame_00210.jpg,0,0,1,0,1,1,1,1,1,0,0,0,0,1,1
scen2,frame_00211.jpg,0,0,1,0,1,1,1,1,1,0,0,0,0,1,1
scen2,frame_00212.jpg,0,0,1,0,1,1,1,1,1,0,0,0,0,1,1
scen2,frame_00213.jpg,0,0,1,0,1,0,1,1,1,0,0,0,0,1,1
scen2,frame_00214.jpg,0,0,1,0,1,0,1,1,1,0,0,0,0,1,1
scen2,frame_00215.jpg,0,0,1,0,1,1,1,1,1,0,0,0,0,1,1
scen2,frame_00216.jpg,0,0,1,0,1,1,1,1,1,0,0,0,0,1,1
scen2,frame_00217.jpg,0,0,1,0,1,1,1,1,1,0,0,0,0,1,1
scen2,frame_00218.jpg,0,0,1,0,1,1,1,1,1,0,0,0,0,1,1
scen2,frame_00219.jpg,0,0,1,0,1,1,1,1,1,0,0,0,0,1,1
scen2,frame_00220.jpg,0,0,1,0,1,1,1,1,1,0,0,0,0,1,1
scen2,frame_00221.jpg,0,0,1,0,1,1,1,1,1,0,0,0,0,1,1
scen2,frame_00222.jpg,0,0,1,0,1,1,1,1,1,0,0,0,0,1,1
scen2,frame_00223.jpg,0,0,1,0,1,1,1,1,1,0,0,0,0,1,1
scen2,frame_00224.jpg,0,0,1,0,1,1,1,1,1,0,0,0,0,1,1
scen2,frame_00225.jpg,0,0,1,0,1,1,1,1,1,0,0,0,0,1,1
scen2,frame_00226.jpg,0,0,1,0,1,1,1,1,1,0,0,0,0,1,1
scen2,frame_00227.jpg,0,0,1,0,1,1,1,1,1,0,0,0,0,1,1
scen2,frame_00228.jpg,0,0,1,0,1,1,1,1,1,0,0,0,0,1,1
scen2,frame_00229.jpg,0,0,1,0,1,1,1,1,1,0,0,0,0,1,1
scen2,frame_00230.jpg,0,0,1,0,1,1,1,1,1,0,0,0,0,1,1
scen2,frame_00231.jpg,0,0,1,0,1,1,1,1,1,0,0,0,0,1,1
scen2,frame_00232.jpg,0,0,1,0,1,1,1,1,1,0,0,0,0,1,1
scen2,frame_00233.jpg,0,0,1,0,1,1,1,1,1,0,0,0,0,1,1
scen2,frame_00234.jpg,0,0,1,0,1,1,1,1,1,0,0,0,0,1,1
scen2,frame_00235.jpg,0,0,1,0,1,1,1,1,1,0,0,0,0,1,1
scen2,frame_00236.jpg,0,0,1,0,1,1,1,1,1,0,0,0,0,1,1
scen2,frame_00237.jpg,0,0,1,0,1,1,1,1,1,0,0,0,0,1,1
scen2,frame_00238.jpg,0,0,1,0,1,1,1,1,1,0,0,0,0,1,1
scen2,frame_00239.jpg,0,0,1,0,1,1,1,1,1,0,0,0,0,1,1
scen2,frame_00240.jpg,0,0,1,0,1,1,1,1,1,0,0,0,0,1,1
scen2,frame_00316.jpg,0,0,0,0,1,1,1,0,0,0,0,0,1,1,1
scen2,frame_00317.jpg,0,0,0,0,1,0,1,0,0,0,0,0,0,1,1
scen2,frame_00318.jpg,0,0,0,0,1,1,1,0,0,0,0,0,1,1,1
scen2,frame_00319.jpg,0,0,0,0,1,1,1,0,0,0,0,0,1,1,1
scen2,frame_00320.jpg,0,0,0,0,1,1,1,0,0,0,0,0,1,1,1
scen2,frame_00321.jpg,0,0,0,0,1,1,1,0,0,0,0,0,1,1,1
scen2,frame_00322.jpg,0,0,0,0,1,1,1,0,0,0,0,0,1,1,1
scen2,frame_00323.jpg,0,0,0,0,1,1,1,0,0,0,0,0,1,1,1
scen2,frame_00324.jpg,0,0,0,0,1,1,1,0,0,0,0,0,1,1,1
scen2,frame_00325.jpg,0,0,0,0,1,1,1,0,0,0,0,0,1,1,1
scen2,frame_00326.jpg,0,0,0,0,1,1,1,0,0,0,0,0,1,1,1
scen2,frame_00327.jpg,0,0,0,0,1,1,1,0,0,0,0,0,1,1,1
scen2,frame_00328.jpg,0,0,0,0,1,1,1,0,0,0,0,0,1,1,1
scen2,frame_00329.jpg,0,0,0,0,1,1,1,0,0,0,0,0,1,1,1
scen2,frame_00330.jpg,0,0,0,0,1,1,1,0,0,0,0,0,1,1,1
scen2,frame_00331.jpg,0,0,0,0,1,1,1,0,0,0,0,0,1,1,1
scen2,frame_00332.jpg,0,0,0,0,1,1,1,0,0,0,0,0,1,1,1
scen2,frame_00333.jpg,0,0,0,0,1,1,1,0,0,0,0,0,1,1,1
scen2,frame_00334.jpg,0,0,0,0,1,1,1,0,0,0,0,0,1,1,1
scen2,frame_00335.jpg,0,0,0,0,1,1,1,0,0,0,0,0,1,1,1
scen2,frame_00336.jpg,0,0,0,0,1,1,1,0,0,0,0,0,1,1,1
scen2,frame_00337.jpg,0,0,0,0,1,1,1,0,0,0,0,0,1,1,1
scen2,frame_00338.jpg,0,0,0,0,1,1,1,0,0,0,0,0,1,1,1
scen2,frame_00339.jpg,0,0,0,0,1,1,1,0,0,0,0,0,1,1,1
scen2,frame_00340.jpg,0,0,0,0,1,1,1,0,0,0,0,0,1,1,1
scen2,frame_00341.jpg,0,0,0,0,1,1,1,0,0,0,0,0,1,1,1
scen2,frame_00342.jpg,0,0,0,0,1,1,1,0,0,0,0,0,1,1,1
scen2,frame_00343.jpg,0,0,0,0,1,1,1,0,0,0,0,0,1,1,1
scen2,frame_00344.jpg,0,0,0,0,1,1,1,0,0,0,0,0,1,1,1
scen2,frame_00345.jpg,0,0,0,0,1,1,1,0,0,0,0,0,1,1,1
scen2,frame_00346.jpg,0,0,0,0,1,1,1,0,0,0,0,0,1,1,1
scen2,frame_00347.jpg,0,0,0,0,1,1,1,0,0,0,0,0,1,1,1
scen2,frame_00348.jpg,0,0,0,0,1,1,1,0,0,0,0,0,1,1,1
scen2,frame_00349.jpg,0,0,0,0,1,1,1,0,0,0,0,0,1,1,1
scen2,frame_00350.jpg,0,0,0,0,1,1,1,0,0,0,0,0,1,1,1
scen2,frame_00351.jpg,0,0,0,0,1,1,1,0,0,0,0,0,1,1,1
scen2,frame_00352.jpg,0,0,0,0,1,1,1,0,0,0,0,0,1,1,1
scen2,frame_00353.jpg,0,0,0,0,1,1,1,0,0,0,0,0,1,1,1
scen2,frame_00354.jpg,0,0,0,0,1,1,1,0,0,0,0,0,1,1,1
scen2,frame_00355.jpg,0,0,0,0,1,1,1,0,0,0,0,0,1,1,1
scen2,frame_00356.jpg,0,0,0,0,1,1,1,0,0,0,0,0,1,1,1
scen2,frame_00357.jpg,0,0,0,0,1,1,1,0,0,0,0,0,1,1,1
scen2,frame_00358.jpg,0,0,0,0,1,1,1,0,0,0,0,0,1,1,1
scen2,frame_00359.jpg,0,0,0,0,1,1,1,0,0,0,0,0,1,1,1
scen2,frame_00360.jpg,0,0,0,0,1,1,1,0,0,0,0,0,1,1,1
scen2,frame_00361.jpg,0,0,0,0,1,1,1,0,0,0,0,0,1,1,1
scen2,frame_00362.jpg,0,0,0,0,1,1,1,0,0,0,0,0,1,1,1
scen2,frame_00363.jpg,0,0,0,0,1,1,1,0,0,0,0,0,1,1,1
scen2,frame_00364.jpg,0,0,0,0,1,1,1,0,0,0,0,0,1,1,1
scen2,frame_00365.jpg,0,0,0,0,1,1,1,0,0,0,0,0,1,1,1
scen2,frame_00366.jpg,0,0,0,0,1,1,1,0,0,0,0,0,1,1,1
scen2,frame_00367.jpg,0,0,0,0,1,1,1,0,0,0,0,0,1,1,1
scen2,frame_00368.jpg,0,0,0,0,1,1,1,0,0,0,0,0,1,1,1
scen2,frame_00369.jpg,0,0,0,0,1,1,1,0,0,0,0,0,1,1,1
scen2,frame_00370.jpg,0,0,0,0,1,1,1,0,0,0,0,0,1,1,1
scen2,frame_00371.jpg,0,0,0,0,1,1,1,0,0,0,0,0,1,1,1
scen2,frame_00372.jpg,0,0,0,0,1,1,1,0,0,0,0,0,1,1,1
scen2,frame_00373.jpg,0,0,0,0,1,1,1,0,0,0,0,0,1,1,1
scen2,frame_00374.jpg,0,0,0,0,1,1,1,0,0,0,0,0,1,1,1
scen2,frame_00375.jpg,0,0,0,0,1,1,1,0,0,0,0,0,1,1,1
scen2,frame_00376.jpg,0,0,0,0,1,1,1,0,0,0,0,0,1,1,1
scen2,frame_00377.jpg,0,0,0,0,1,1,1,0,0,0,0,0,1,1,1
scen2,frame_00378.jpg,0,0,0,0,1,1,1,0,0,0,0,0,1,1,1
scen2,frame_00379.jpg,0,0,0,0,1,1,1,0,0,0,0,0,1,1,1
scen2,frame_00380.jpg,0,0,0,0,1,1,1,0,0,0,0,0,1,1,1
scen2,frame_00381.jpg,0,0,0,0,1,1,1,0,0,0,0,0,1,1,1
scen2,frame_00382.jpg,0,0,0,0,1,1,1,0,0,0,0,0,1,1,1
scen2,frame_00383.jpg,0,0,0,0,1,1,1,0,0,0,0,0,1,1,1
scen2,frame_00384.jpg,0,0,0,0,1,1,1,0,0,0,0,0,1,1,1
scen2,frame_00385.jpg,0,0,0,0,1,1,1,0,0,0,0,0,1,1,1
scen2,frame_00386.jpg,0,0,0,0,1,1,1,0,0,0,0,0,1,1,1
scen2,frame_00387.jpg,0,0,0,0,1,1,1,0,0,0,0,0,1,1,1
scen2,frame_00388.jpg,0,0,0,0,1,1,1,0,0,0,0,0,1,1,1
scen2,frame_00389.jpg,0,0,0,0,1,1,1,0,0,0,0,0,1,1,1
scen2,frame_00390.jpg,0,0,0,0,1,1,1,0,0,0,0,0,1,1,1
scen2,frame_00391.jpg,0,0,0,0,1,1,1,0,0,0,0,0,1,1,1
scen2,frame_00392.jpg,0,0,0,0,1,1,1,0,0,0,0,0,1,1,1
scen2,frame_00393.jpg,0,0,0,0,1,1,1,0,0,0,0,0,1,1,1
scen2,frame_00394.jpg,0,0,0,0,1,1,1,0,0,0,0,0,1,1,1
scen2,frame_00395.jpg,0,0,0,0,1,1,1,0,0,0,0,0,1,1,1
scen2,frame_00396.jpg,0,0,0,0,1,1,1,0,0,0,0,0,1,1,1
scen2,frame_00397.jpg,0,0,0,0,1,1,1,0,0,0,0,0,1,1,1
scen2,frame_00398.jpg,0,0,0,0,1,1,1,0,0,0,0,0,1,1,1
scen2,frame_00399.jpg,0,0,0,0,1,1,1,0,0,0,0,0,1,1,1
scen2,frame_00400.jpg,0,0,0,0,1,1,1,0,0,0,0,0,1,1,1
scen2,frame_00401.jpg,0,0,0,0,1,1,1,0,0,0,0,0,1,1,1
scen2,frame_00402.jpg,0,0,0,0,1,1,1,0,0,0,0,0,1,1,1
scen2,frame_00403.jpg,0,0,0,0,1,1,1,0,0,0,0,0,1,1,1
scen2,frame_00404.jpg,0,0,0,0,1,1,1,0,0,0,0,0,1,1,1
scen2,frame_00405.jpg,0,0,0,0,1,1,1,0,0,0,0,0,1,1,1
scen2,frame_00406.jpg,0,0,0,0,1,1,1,0,0,0,0,0,1,1,1
scen2,frame_00407.jpg,0,0,0,0,1,1,1,0,0,0,0,0,1,1,1
scen2,frame_00408.jpg,0,0,0,0,1,1,1,0,0,0,0,0,1,1,1
scen2,frame_00409.jpg,0,0,0,0,1,1,1,0,0,0,0,0,1,1,1
scen2,frame_00410.jpg,0,0,0,0,1,1,1,0,0,0,0,0,1,1,1
scen2,frame_00411.jpg,0,0,0,0,1,1,1,0,0,0,0,0,1,1,1
scen2,frame_00412.jpg,0,0,0,0,1,1,1,0,0,0,0,0,1,1,1
scen2,frame_00413.jpg,0,0,0,0,1,1,1,0,0,0,0,0,1,1,1
scen2,frame_00414.jpg,0,0,0,0,1,1,1,0,0,0,0,0,1,1,1
scen2,frame_00415.jpg,0,0,0,0,1,1,1,0,0,0,0,0,1,1,1
scen2,frame_00416.jpg,0,0,0,0,1,1,1,0,0,0,0,0,1,1,1
scen2,frame_00417.jpg,0,0,0,0,1,1,1,0,0,0,0,0,1,1,1
scen2,frame_00418.jpg,0,0,0,0,1,1,1,0,0,0,0,0,1,1,1
scen3,frame_00000.jpg,0,0,0,0,0,1,1,0,0,0,0,0,1,1,1
scen3,frame_00001.jpg,0,0,0,0,0,1,1,0,0,0,0,0,1,1,1
scen3,frame_00002.jpg,0,0,0,0,0,1,1,0,0,0,0,0,1,1,1
scen3,frame_00003.jpg,0,0,0,0,0,1,1,0,0,0,0,0,1,1,1
scen3,frame_00004.jpg,0,0,0,0,1,1,1,0,0,0,0,0,1,1,1
scen3,frame_00005.jpg,0,0,0,0,1,1,1,0,0,0,0,0,1,1,1
scen3,frame_00006.jpg,0,0,0,0,1,1,1,0,0,0,0,0,1,1,1
scen3,frame_00007.jpg,0,0,0,0,1,1,1,0,0,0,0,0,1,1,1
scen3,frame_00008.jpg,0,0,0,0,1,1,1,0,0,0,0,0,1,1,1
scen3,frame_00009.jpg,0,0,0,0,1,1,1,0,0,0,0,0,1,1,1
scen3,frame_00010.jpg,0,0,0,0,1,1,1,0,0,0,0,0,1,1,1
scen3,frame_00011.jpg,0,0,0,0,1,1,1,0,0,0,0,0,1,1,1
scen3,frame_00012.jpg,0,0,0,0,1,1,1,0,0,0,0,0,1,1,1
scen3,frame_00013.jpg,0,0,0,0,1,1,1,0,0,0,0,0,1,1,1
scen3,frame_00014.jpg,0,0,0,0,1,1,1,0,0,0,0,0,1,1,1
scen3,frame_00015.jpg,0,0,0,0,1,1,1,0,0,0,0,0,1,1,1
scen3,frame_00016.jpg,0,0,0,0,1,1,1,0,0,0,0,0,1,1,1
scen3,frame_00017.jpg,0,0,0,0,1,1,1,0,0,0,0,0,1,1,1
scen3,frame_00018.jpg,0,0,0,0,1,1,1,0,0,0,0,0,1,1,1
scen3,frame_00019.jpg,0,0,0,0,1,1,1,0,0,0,0,0,1,1,1
scen3,frame_00020.jpg,0,0,0,0,1,1,1,0,0,0,0,0,1,1,1
scen3,frame_00021.jpg,0,0,0,0,1,1,1,0,0,0,0,0,1,1,1
scen3,frame_00022.jpg,0,0,0,0,1,1,1,0,0,0,0,0,1,1,1
scen3,frame_00023.jpg,0,0,0,0,1,1,1,0,0,0,0,0,1,1,1
scen3,frame_00024.jpg,0,0,0,0,1,1,1,0,0,0,0,0,1,1,1
scen3,frame_00025.jpg,0,0,0,0,1,1,1,0,0,0,0,0,1,1,1
scen3,frame_00026.jpg,0,0,0,0,1,1,1,0,0,0,0,0,1,1,1
scen3,frame_00027.jpg,0,0,0,0,0,1,1,0,0,0,0,0,1,1,1
scen3,frame_00028.jpg,0,0,0,0,0,1,1,0,0,0,0,0,1,1,1
scen3,frame_00029.jpg,0,0,0,0,0,1,1,0,0,0,0,0,1,1,1
scen3,frame_00030.jpg,0,0,0,0,0,1,1,0,0,0,0,0,1,1,1
scen3,frame_00031.jpg,0,0,0,0,0,1,1,0,0,0,0,0,1,1,1
scen3,frame_00032.jpg,0,0,0,0,0,1,1,0,0,0,0,0,1,1,1
scen3,frame_00033.jpg,0,0,0,0,0,1,1,0,0,0,0,0,1,1,1
scen3,frame_00034.jpg,0,0,0,0,0,1,1,0,0,0,0,0,1,1,1
scen3,frame_00035.jpg,0,0,0,0,0,1,1,0,0,0,0,0,1,1,1
scen3,frame_00113.jpg,0,1,0,0,0,1,1,0,0,0,0,1,1,1,0
scen3,frame_00114.jpg,0,1,0,0,0,1,1,0,0,0,0,1,1,1,0
scen3,frame_00115.jpg,0,1,0,0,0,1,1,0,0,0,0,1,1,1,0
scen3,frame_00116.jpg,0,1,0,0,0,1,1,0,0,0,0,1,1,1,0
scen3,frame_00117.jpg,0,1,0,0,0,1,1,0,1,0,0,1,1,1,0
scen3,frame_00118.jpg,0,1,0,0,0,1,1,0,1,0,0,1,1,1,0
scen3,frame_00119.jpg,0,1,0,0,0,1,1,0,1,0,0,1,1,1,0
scen3,frame_00120.jpg,0,1,0,0,0,1,1,0,1,0,0,1,1,1,0
scen3,frame_00121.jpg,0,1,0,0,0,1,1,0,1,0,0,1,1,1,0
scen3,frame_00122.jpg,0,1,0,0,0,1,1,0,1,0,0,1,1,1,0
scen3,frame_00123.jpg,0,1,0,1,0,1,1,0,1,0,0,1,1,1,0
scen3,frame_00124.jpg,0,1,0,1,0,1,1,0,1,0,0,1,1,1,0
scen3,frame_00125.jpg,0,1,0,0,0,1,1,0,0,0,0,1,1,1,0
scen3,frame_00126.jpg,0,1,0,0,0,1,1,0,1,0,0,1,1,1,0
scen3,frame_00127.jpg,0,1,0,0,0,1,1,0,0,0,0,1,1,1,0
scen3,frame_00128.jpg,0,1,0,0,0,1,1,0,0,0,0,1,1,1,0
scen3,frame_00129.jpg,0,1,0,0,0,1,1,0,0,0,0,1,1,1,0
scen3,frame_00130.jpg,0,1,0,0,0,1,1,0,0,0,0,1,1,1,0
scen3,frame_00131.jpg,0,1,0,0,0,1,1,0,0,0,0,1,1,1,0
scen3,frame_00132.jpg,0,1,0,0,0,1,1,0,0,0,0,1,1,1,0
scen3,frame_00133.jpg,0,1,0,1,0,1,1,0,0,0,0,1,1,1,0
scen3,frame_00134.jpg,0,1,0,1,0,1,1,0,0,0,0,1,1,1,0
scen3,frame_00135.jpg,0,1,0,1,0,1,1,0,0,0,0,1,1,1,0
scen3,frame_00136.jpg,0,1,0,0,0,1,1,0,1,0,0,1,1,1,0
scen3,frame_00137.jpg,0,1,0,0,0,1,1,0,1,0,0,1,1,1,0
scen3,frame_00138.jpg,0,1,0,0,0,1,1,0,1,1,0,1,1,1,0
scen3,frame_00139.jpg,0,1,0,1,0,1,1,0,1,1,0,1,1,1,0
scen3,frame_00140.jpg,0,1,0,0,0,1,1,0,1,0,0,1,1,1,0
scen3,frame_00141.jpg,0,1,0,0,0,1,1,0,1,0,0,1,1,1,0
scen3,frame_00142.jpg,0,1,0,0,0,1,1,0,1,0,0,1,1,1,0
scen3,frame_00143.jpg,0,1,0,0,0,1,1,0,1,0,0,1,1,1,0
scen3,frame_00144.jpg,0,1,0,0,0,1,1,0,0,0,0,1,1,1,0
scen3,frame_00145.jpg,0,1,0,0,0,1,1,0,0,0,0,1,1,1,0
scen3,frame_00146.jpg,0,1,0,1,0,1,1,0,1,0,0,1,1,1,0
scen3,frame_00147.jpg,0,1,0,1,0,1,1,0,1,0,0,1,1,1,0
scen3,frame_00148.jpg,0,1,0,1,0,1,1,0,1,0,0,1,1,1,0
scen3,frame_00149.jpg,0,1,0,0,0,1,1,0,0,0,0,1,1,1,0
scen3,frame_00150.jpg,0,1,0,0,0,1,1,0,1,0,0,1,1,1,0
scen3,frame_00151.jpg,0,1,0,1,0,1,1,0,1,0,0,1,1,1,0
scen3,frame_00152.jpg,0,1,0,1,0,1,1,0,0,1,0,1,1,1,0
scen3,frame_00153.jpg,0,1,0,0,0,1,1,0,0,1,0,1,1,1,0
scen3,frame_00154.jpg,0,1,0,0,0,1,1,0,0,0,0,1,1,1,0
scen3,frame_00155.jpg,0,1,0,1,0,1,1,0,1,0,0,1,1,1,0
scen3,frame_00156.jpg,0,1,0,0,0,1,1,0,0,0,0,1,1,1,0
scen3,frame_00157.jpg,0,1,0,0,0,1,1,0,0,0,0,1,1,1,0
scen3,frame_00158.jpg,0,1,0,0,0,1,1,0,0,0,0,1,1,1,0
scen3,frame_00159.jpg,0,1,0,0,0,1,1,0,0,0,0,1,1,1,0
scen3,frame_00160.jpg,0,1,0,0,0,1,1,0,0,0,0,1,1,1,0
scen3,frame_00161.jpg,0,1,0,1,0,1,1,0,0,1,0,1,1,1,0
scen3,frame_00162.jpg,0,1,0,0,0,1,1,0,0,0,0,1,1,1,0
scen3,frame_00163.jpg,0,1,0,0,0,1,1,0,0,0,0,1,1,1,0
scen3,frame_00164.jpg,0,1,0,0,0,1,1,0,0,0,0,1,1,1,0
scen3,frame_00165.jpg,0,1,0,0,0,1,1,0,0,0,0,1,1,1,0
scen3,frame_00166.jpg,0,1,0,0,0,1,1,0,0,0,0,1,1,1,0
scen3,frame_00167.jpg,0,1,0,0,0,1,1,0,0,0,0,1,1,1,0
scen3,frame_00168.jpg,0,0,0,0,0,1,1,0,0,0,0,1,1,1,0
scen3,frame_00169.jpg,0,0,0,0,0,1,1,0,0,0,0,1,1,1,0
scen3,frame_00170.jpg,0,0,0,0,0,1,1,0,0,0,0,1,1,1,0
scen3,frame_00171.jpg,0,0,0,0,0,1,1,0,0,0,0,1,1,1,0
scen3,frame_00172.jpg,0,0,0,0,0,1,1,0,0,0,0,1,1,1,0
scen3,frame_00173.jpg,0,1,0,0,0,1,1,0,0,0,0,1,1,1,0
scen3,frame_00174.jpg,0,0,0,0,0,1,1,0,0,0,0,1,1,1,0
scen3,frame_00175.jpg,0,1,0,0,0,1,1,0,0,0,0,1,1,1,0
scen3,frame_00176.jpg,0,1,0,0,0,1,1,0,0,0,0,1,1,1,0
scen3,frame_00177.jpg,0,1,0,0,0,1,1,0,0,0,0,1,1,1,0
scen3,frame_00178.jpg,0,1,0,0,0,1,1,0,0,0,0,1,1,1,0
scen3,frame_00179.jpg,0,1,0,0,0,1,1,0,0,0,0,1,1,1,0
scen3,frame_00180.jpg,0,1,0,0,0,1,1,0,0,0,0,1,1,1,0
scen3,frame_00181.jpg,0,1,0,0,0,1,1,0,0,0,0,1,1,1,0
scen3,frame_00182.jpg,0,1,0,0,0,1,1,0,0,0,0,1,1,1,0
scen3,frame_00183.jpg,0,1,0,0,0,1,1,0,0,0,0,1,1,1,0
scen3,frame_00184.jpg,0,1,0,0,0,1,1,0,0,0,0,1,1,1,0
scen3,frame_00185.jpg,0,1,0,0,0,1,1,0,0,0,0,1,1,1,0
scen3,frame_00186.jpg,0,1,0,0,0,1,1,0,0,0,0,1,1,1,0
scen3,frame_00187.jpg,0,1,0,0,0,1,1,0,0,0,0,1,1,1,0
scen3,frame_00188.jpg,0,1,0,0,0,1,1,0,0,0,0,1,1,1,0
scen3,frame_00189.jpg,0,1,0,0,0,1,1,0,0,0,0,1,1,1,0
scen3,frame_00190.jpg,0,1,0,0,0,1,1,0,0,0,0,1,1,1,0
scen3,frame_00191.jpg,0,1,0,0,0,1,1,0,0,0,0,1,1,1,0
scen3,frame_00192.jpg,0,1,0,0,0,1,1,0,0,0,0,1,1,1,0
scen3,frame_00193.jpg,0,1,0,0,0,1,1,0,0,0,0,1,1,1,0
scen3,frame_00194.jpg,0,1,0,0,0,1,1,0,0,0,0,1,1,1,0
scen3,frame_00195.jpg,0,1,0,0,0,1,1,0,0,0,0,1,1,1,0
scen3,frame_00196.jpg,0,1,0,0,0,1,1,0,0,0,0,1,1,1,0
scen3,frame_00197.jpg,0,1,0,0,0,1,1,0,0,0,0,1,1,1,0
scen3,frame_00198.jpg,0,1,0,0,0,1,1,0,0,0,0,1,1,1,0
scen3,frame_00199.jpg,0,1,0,0,0,1,1,0,0,0,0,1,1,1,0
scen3,frame_00200.jpg,0,1,0,0,0,1,1,0,0,0,0,1,1,1,0
scen3,frame_00201.jpg,0,1,0,0,0,1,1,0,0,0,0,1,1,1,0
scen3,frame_00202.jpg,0,1,0,0,0,1,1,0,0,0,0,1,1,1,0
scen3,frame_00203.jpg,0,1,0,0,0,1,1,0,0,0,0,1,1,1,0
scen3,frame_00204.jpg,0,1,0,0,0,1,1,0,1,1,0,1,1,1,0
scen3,frame_00205.jpg,0,1,0,0,0,1,1,0,0,0,0,1,1,1,0
scen3,frame_00206.jpg,0,1,0,0,0,1,1,0,0,0,0,1,1,1,0
scen3,frame_00207.jpg,0,1,0,0,0,1,1,0,0,0,0,1,1,1,0
scen3,frame_00208.jpg,0,1,0,0,0,1,1,0,0,0,0,1,1,1,0
scen3,frame_00209.jpg,0,1,0,0,0,1,1,0,0,0,0,1,1,1,0
scen3,frame_00210.jpg,0,1,0,0,0,1,1,0,0,0,0,1,1,1,0
scen3,frame_00211.jpg,0,1,0,0,0,1,1,0,0,0,0,1,1,1,0
scen3,frame_00212.jpg,0,1,0,0,0,1,1,0,0,0,0,1,1,1,0
scen3,frame_00213.jpg,0,1,0,0,0,1,1,0,0,0,0,1,1,1,0
scen3,frame_00214.jpg,0,0,0,0,0,1,1,0,0,0,0,1,1,1,0
scen3,frame_00215.jpg,0,0,0,0,0,1,1,0,0,0,0,1,1,1,0
scen3,frame_00216.jpg,0,0,0,0,0,1,1,0,0,0,0,1,1,1,0
scen3,frame_00217.jpg,0,1,0,0,0,1,1,0,0,0,0,1,1,1,0
scen3,frame_00218.jpg,0,1,0,0,0,1,1,0,0,0,0,1,1,1,0
scen3,frame_00219.jpg,0,1,0,0,0,1,1,0,1,0,0,1,1,1,0
scen3,frame_00220.jpg,0,1,0,0,0,1,1,0,0,0,0,1,1,1,0
scen3,frame_00221.jpg,0,1,0,0,0,1,1,0,1,0,0,1,1,1,0
scen3,frame_00222.jpg,0,1,0,1,0,1,1,0,1,0,0,1,1,1,0
scen3,frame_00223.jpg,0,1,0,0,0,1,1,0,1,0,0,1,1,1,0
scen3,frame_00224.jpg,0,1,0,1,0,1,1,0,1,0,0,1,1,1,0
scen3,frame_00225.jpg,0,1,0,1,0,1,1,0,1,0,0,1,1,1,0
scen3,frame_00226.jpg,0,1,0,0,0,1,1,0,1,0,0,1,1,1,0
scen3,frame_00227.jpg,0,1,0,0,0,1,1,0,1,0,0,1,1,1,0
scen3,frame_00228.jpg,0,1,0,1,0,1,1,0,1,0,0,1,1,1,0
scen3,frame_00229.jpg,0,1,0,1,0,1,1,0,1,0,0,1,1,1,0
scen3,frame_00230.jpg,0,1,0,0,0,1,1,0,0,0,0,1,1,1,0
scen3,frame_00231.jpg,0,1,0,0,0,1,1,0,0,0,0,1,1,1,0
scen3,frame_00232.jpg,0,1,0,0,0,1,1,0,1,0,0,1,1,1,0
scen3,frame_00233.jpg,0,1,0,0,0,1,1,0,0,0,0,1,1,1,0
scen3,frame_00234.jpg,0,1,0,0,0,1,1,0,1,0,0,1,1,1,0
scen3,frame_00235.jpg,0,1,0,0,0,1,1,0,1,0,0,1,1,1,0
scen3,frame_00236.jpg,0,1,0,1,0,1,1,0,1,1,0,1,1,1,0
scen3,frame_00237.jpg,0,1,0,0,0,1,1,0,0,0,0,1,1,1,0
scen3,frame_00238.jpg,0,1,0,0,0,1,1,0,0,0,0,1,1,1,0
scen3,frame_00239.jpg,0,1,0,1,0,1,1,0,1,0,0,1,1,1,0
scen3,frame_00240.jpg,0,1,0,0,0,1,1,0,0,0,0,1,1,1,0
scen3,frame_00241.jpg,0,1,0,0,0,1,1,0,1,0,0,1,1,1,0
scen3,frame_00242.jpg,0,1,0,0,0,1,1,0,0,0,0,1,1,1,0
scen3,frame_00243.jpg,0,1,0,1,0,1,1,0,0,0,0,1,1,1,0
scen3,frame_00244.jpg,0,1,0,0,0,1,1,0,0,0,0,1,1,1,0
scen3,frame_00245.jpg,0,1,0,0,0,1,1,0,0,0,0,1,1,1,0
scen3,frame_00246.jpg,0,1,0,1,0,1,1,0,0,0,0,1,1,1,0
scen3,frame_00247.jpg,0,1,0,1,0,1,1,0,1,0,0,1,1,1,0
scen3,frame_00248.jpg,0,1,0,1,0,1,1,0,1,0,0,1,1,1,0
scen3,frame_00249.jpg,0,1,0,0,0,1,1,0,0,0,0,1,1,1,0
scen3,frame_00250.jpg,0,1,0,0,0,1,1,0,1,0,0,1,1,1,0
scen3,frame_00251.jpg,0,1,0,0,0,1,1,0,1,0,0,1,1,1,0
scen3,frame_00252.jpg,0,1,0,1,0,1,1,0,1,0,0,1,1,1,0
scen3,frame_00253.jpg,0,1,0,1,0,1,1,0,0,0,0,1,1,1,0
scen3,frame_00254.jpg,0,1,0,1,0,1,1,0,0,0,0,1,1,1,0
scen3,frame_00255.jpg,0,1,0,1,0,1,1,0,0,0,0,1,1,1,0
scen3,frame_00256.jpg,0,1,0,1,0,1,1,0,0,0,0,1,1,1,0
scen3,frame_00257.jpg,0,1,0,0,0,1,1,0,1,0,0,1,1,1,0
scen3,frame_00258.jpg,0,1,0,0,0,1,1,0,0,0,0,1,1,1,0
scen3,frame_00259.jpg,0,1,0,0,0,1,1,0,0,0,0,1,1,1,0
scen3,frame_00260.jpg,0,1,0,1,0,1,1,0,1,0,0,1,1,1,0
scen3,frame_00261.jpg,0,1,0,1,0,1,1,0,1,0,0,1,1,1,0
scen3,frame_00262.jpg,0,1,0,0,0,1,1,0,0,0,0,1,1,1,0
scen3,frame_00263.jpg,0,1,0,0,0,1,1,0,0,0,0,1,1,1,0
scen3,frame_00264.jpg,0,1,0,0,0,1,1,0,1,0,0,1,1,1,0
scen3,frame_00265.jpg,0,1,0,1,0,1,1,0,0,0,0,1,1,1,0
scen3,frame_00266.jpg,0,1,0,0,0,1,1,0,0,0,0,1,1,1,0
scen3,frame_00267.jpg,0,0,0,0,0,1,1,0,0,0,0,1,1,1,0
scen3,frame_00268.jpg,0,1,0,0,0,1,1,0,1,0,0,1,1,1,0
scen3,frame_00269.jpg,0,1,0,1,0,1,1,0,1,0,0,1,1,1,0
scen3,frame_00270.jpg,0,1,0,0,0,1,1,0,1,0,0,1,1,1,0
scen3,frame_00271.jpg,0,1,0,0,0,1,1,0,0,0,0,1,1,1,0
scen3,frame_00272.jpg,0,1,0,0,0,1,1,0,0,0,0,1,1,1,0
scen3,frame_00273.jpg,0,1,0,0,0,1,1,0,1,0,0,1,1,1,0
scen3,frame_00274.jpg,0,1,0,0,0,1,1,0,1,0,0,1,1,1,0
scen3,frame_00275.jpg,0,1,0,0,0,1,1,0,1,0,0,1,1,1,0
scen3,frame_00276.jpg,0,1,0,1,0,1,1,0,1,0,0,1,1,1,0
scen3,frame_00277.jpg,0,1,0,1,0,1,1,0,1,0,0,1,1,1,0
scen3,frame_00278.jpg,0,0,0,0,0,1,1,0,1,0,0,1,1,1,0
scen3,frame_00279.jpg,0,1,0,0,0,1,1,0,1,0,0,1,1,1,0
scen3,frame_00280.jpg,0,0,0,0,0,1,1,0,0,0,0,1,1,1,0
scen3,frame_00281.jpg,0,1,0,0,0,1,1,0,1,0,0,1,1,1,0
scen3,frame_00282.jpg,0,1,0,0,0,1,1,0,0,0,0,1,1,1,0
scen3,frame_00283.jpg,0,1,0,0,0,1,1,0,0,0,0,1,1,1,0
scen3,frame_00284.jpg,0,1,0,1,0,1,1,0,1,0,0,1,1,1,0
scen3,frame_00285.jpg,0,1,0,1,0,1,1,0,1,0,0,1,1,1,0
scen3,frame_00286.jpg,0,1,0,1,0,1,1,0,1,0,0,1,1,1,0
scen3,frame_00287.jpg,0,1,0,0,0,1,1,0,0,0,0,1,1,1,0
scen3,frame_00288.jpg,0,1,0,1,0,1,1,0,0,0,0,1,1,1,0
scen3,frame_00289.jpg,0,1,0,0,0,1,1,0,0,0,0,1,1,1,0
scen3,frame_00290.jpg,0,1,0,1,0,1,1,0,0,0,0,1,1,1,0
scen3,frame_00291.jpg,0,1,0,1,0,1,1,0,1,0,0,1,1,1,0
scen3,frame_00292.jpg,0,1,0,0,0,1,1,0,0,0,0,1,1,1,0
scen3,frame_00293.jpg,0,1,0,1,0,1,1,0,0,0,0,1,1,1,0
scen3,frame_00294.jpg,0,1,0,1,0,1,1,0,1,0,0,1,1,1,0
scen3,frame_00295.jpg,0,1,0,1,0,1,1,0,1,0,0,1,1,1,0
scen3,frame_00296.jpg,0,1,0,1,0,1,1,0,1,0,0,1,1,1,0
scen3,frame_00297.jpg,0,1,0,1,0,1,1,0,1,0,0,1,1,1,0
scen4,frame_00000.jpg,0,1,0,0,0,0,0,0,1,1,1,1,1,1,0
scen4,frame_00001.jpg,0,1,0,0,0,0,0,0,1,1,1,1,1,1,0
scen4,frame_00002.jpg,0,1,0,0,0,0,0,0,1,1,1,1,1,1,0
scen4,frame_00003.jpg,0,1,0,0,0,0,0,0,1,1,1,1,1,1,0
scen4,frame_00004.jpg,0,1,0,0,0,0,0,0,1,1,1,1,1,1,0
scen4,frame_00005.jpg,0,1,0,0,0,0,0,0,1,1,1,1,1,1,0
scen4,frame_00006.jpg,0,1,0,0,0,0,0,0,1,1,1,1,1,1,0
scen4,frame_00007.jpg,0,1,0,0,0,0,0,0,1,1,1,1,1,1,0
scen4,frame_00008.jpg,0,1,0,0,0,0,0,0,1,1,1,1,1,1,0
scen4,frame_00009.jpg,0,1,0,0,0,0,0,0,1,1,1,1,1,1,0
scen4,frame_00010.jpg,0,1,0,0,0,0,0,0,1,1,1,1,1,1,0
scen4,frame_00011.jpg,0,1,0,0,0,0,0,0,1,1,1,1,1,1,0
scen4,frame_00012.jpg,0,1,0,0,0,0,0,0,1,1,1,1,1,1,0
scen4,frame_00013.jpg,0,1,0,0,0,0,0,0,1,1,1,1,1,1,0
scen4,frame_00014.jpg,0,1,0,0,0,0,0,0,1,1,1,1,1,1,0
scen4,frame_00015.jpg,0,1,0,0,0,0,0,0,1,1,1,1,1,1,0
scen4,frame_00016.jpg,0,1,0,0,0,0,0,0,1,1,1,1,1,1,0
scen4,frame_00017.jpg,0,1,0,0,0,0,0,0,1,1,1,1,1,1,0
scen4,frame_00018.jpg,0,1,0,0,0,0,0,0,1,1,1,1,1,1,0
scen4,frame_00019.jpg,0,1,0,0,0,0,0,0,1,1,1,1,1,1,0
scen4,frame_00020.jpg,0,1,0,0,0,0,0,0,1,1,1,1,1,1,0
scen4,frame_00021.jpg,0,1,0,0,0,0,0,0,1,1,1,1,1,1,0
scen4,frame_00022.jpg,0,1,0,0,0,0,0,0,1,1,1,1,1,1,0
scen4,frame_00023.jpg,0,1,0,0,0,0,0,0,1,1,1,1,1,1,0
scen4,frame_00024.jpg,0,1,0,0,0,0,0,0,1,1,1,1,1,1,0
scen4,frame_00025.jpg,0,1,0,1,0,0,0,0,1,1,1,1,1,1,0
scen4,frame_00026.jpg,0,1,0,1,0,0,0,0,1,1,1,1,1,1,0
scen4,frame_00027.jpg,0,1,0,1,0,0,0,0,1,1,1,1,1,1,0
scen4,frame_00028.jpg,0,1,0,1,0,0,0,0,1,1,1,1,1,1,0
scen4,frame_00029.jpg,0,1,0,1,0,0,0,0,1,1,1,1,1,1,0
scen4,frame_00030.jpg,0,1,0,1,0,0,0,0,1,1,1,1,1,1,0
scen4,frame_00031.jpg,0,1,0,1,0,0,0,0,1,1,1,1,1,1,0
scen4,frame_00032.jpg,0,1,0,1,0,0,0,0,1,1,1,1,1,1,0
scen4,frame_00033.jpg,0,1,0,1,0,0,0,0,1,1,1,1,1,1,0
scen4,frame_00034.jpg,0,1,0,1,0,0,0,0,1,1,1,1,1,1,0
scen4,frame_00035.jpg,0,1,0,1,0,0,0,0,1,1,1,1,1,1,0
scen4,frame_00036.jpg,0,1,0,1,0,0,0,0,1,1,1,1,1,1,0
scen4,frame_00037.jpg,0,1,0,1,0,0,0,0,1,1,1,1,1,1,0
scen4,frame_00038.jpg,0,1,0,1,0,0,0,0,1,1,1,1,1,1,0
scen4,frame_00039.jpg,0,1,0,1,0,0,0,0,1,1,1,1,1,1,0
scen4,frame_00040.jpg,0,1,0,1,0,0,0,0,1,1,1,1,1,1,0
scen4,frame_00041.jpg,0,1,0,0,0,0,0,0,1,1,1,1,1,1,0
scen4,frame_00042.jpg,0,1,0,0,0,0,0,0,1,1,1,1,1,1,0
scen4,frame_00043.jpg,0,1,0,1,0,0,0,0,1,1,1,1,1,1,0
scen4,frame_00044.jpg,0,1,0,0,0,0,0,0,1,1,1,1,1,1,0
scen4,frame_00045.jpg,0,1,0,1,0,0,0,0,1,1,1,1,1,1,0
scen4,frame_00046.jpg,0,1,0,0,0,0,0,0,1,1,1,1,1,1,0
scen4,frame_00047.jpg,0,1,0,1,0,0,0,0,1,1,1,1,1,1,0
scen4,frame_00048.jpg,0,1,0,1,0,0,0,0,1,1,1,1,1,1,0
scen4,frame_00049.jpg,0,1,0,1,0,0,0,0,1,1,1,1,1,1,0
scen4,frame_00050.jpg,0,1,0,1,0,0,0,0,1,1,1,1,1,1,0
scen4,frame_00051.jpg,0,1,0,1,0,0,0,0,1,1,1,1,1,1,0
scen4,frame_00052.jpg,0,1,0,1,0,0,0,0,1,1,1,1,1,1,0
scen4,frame_00053.jpg,0,1,0,0,0,0,0,0,1,1,1,1,1,1,0
scen4,frame_00054.jpg,0,1,0,1,0,0,0,0,1,1,1,1,1,1,0
scen4,frame_00055.jpg,0,1,0,0,0,0,0,0,1,1,1,1,1,1,0
scen4,frame_00056.jpg,0,1,0,0,0,0,0,0,1,1,1,1,1,1,0
scen4,frame_00057.jpg,0,1,0,0,0,0,0,0,1,1,1,1,1,1,0
scen4,frame_00058.jpg,0,1,0,0,0,0,0,0,1,1,1,1,1,1,0
scen4,frame_00059.jpg,0,1,0,1,0,0,0,0,1,1,1,1,1,1,0
scen4,frame_00060.jpg,0,1,0,0,0,0,0,0,1,1,1,1,1,1,0
scen4,frame_00061.jpg,0,1,0,0,0,0,0,0,1,1,1,1,1,1,0
scen4,frame_00062.jpg,0,1,0,1,0,0,0,0,1,1,1,1,1,1,0
scen4,frame_00063.jpg,0,1,0,0,0,0,0,0,1,1,1,1,1,1,0
scen4,frame_00196.jpg,0,0,0,0,1,0,1,0,0,1,1,1,1,0,1
scen4,frame_00197.jpg,0,0,0,0,1,0,1,0,0,1,1,1,1,0,1
scen4,frame_00198.jpg,0,0,0,0,1,0,1,0,0,1,1,1,1,0,1
scen4,frame_00199.jpg,0,0,0,0,1,0,1,0,0,1,1,1,1,0,1
scen4,frame_00200.jpg,0,0,0,0,1,0,1,0,0,1,1,1,1,0,1
scen4,frame_00201.jpg,0,0,0,1,1,0,1,0,0,1,1,1,1,0,1
scen4,frame_00202.jpg,0,0,0,1,1,0,1,0,0,1,1,1,1,0,1
scen4,frame_00203.jpg,0,0,0,1,1,0,1,0,0,1,1,1,1,0,1
scen4,frame_00204.jpg,0,0,0,1,1,0,1,0,0,1,1,1,1,0,1
scen4,frame_00205.jpg,0,0,0,1,1,0,0,0,0,1,1,1,1,0,1
scen4,frame_00206.jpg,0,0,0,1,1,0,1,0,0,1,1,1,1,0,1
scen4,frame_00207.jpg,0,0,0,0,1,0,1,0,0,1,1,1,1,0,1
scen4,frame_00208.jpg,0,0,0,0,1,0,1,0,0,1,1,1,1,0,1
scen4,frame_00209.jpg,0,0,0,0,1,0,1,0,0,1,1,1,1,0,1
scen4,frame_00210.jpg,0,0,0,0,1,0,1,0,0,1,1,1,1,0,1
scen4,frame_00211.jpg,0,0,0,0,1,0,1,0,0,1,1,1,1,0,1
scen4,frame_00212.jpg,0,0,0,0,1,0,1,0,0,1,1,1,1,0,1
scen4,frame_00213.jpg,0,0,0,0,1,0,1,0,0,1,1,1,1,0,1
scen4,frame_00214.jpg,0,0,0,0,1,0,1,0,0,1,1,1,1,0,1
scen4,frame_00215.jpg,0,0,0,1,1,0,1,0,0,1,1,1,1,0,1
scen4,frame_00216.jpg,0,0,0,0,1,0,1,0,0,1,1,1,1,0,1
scen4,frame_00217.jpg,0,0,0,0,1,0,1,0,0,1,1,1,1,0,1
scen4,frame_00218.jpg,0,0,0,0,1,0,1,0,0,1,1,1,1,0,1
scen4,frame_00219.jpg,0,0,0,0,1,0,1,0,0,1,1,1,1,0,1
scen4,frame_00220.jpg,0,0,0,0,1,0,1,0,0,1,1,1,1,0,1
scen4,frame_00221.jpg,0,0,0,0,1,0,1,0,0,1,1,1,1,0,1
scen4,frame_00222.jpg,0,0,0,0,1,0,1,0,0,1,1,1,1,0,1
scen4,frame_00223.jpg,0,0,0,0,1,0,1,0,0,1,1,1,1,0,1
scen4,frame_00224.jpg,0,0,0,0,1,0,1,0,0,1,1,1,1,0,1
scen4,frame_00225.jpg,0,0,0,0,1,0,1,0,0,1,1,1,1,0,1
scen4,frame_00226.jpg,0,0,0,0,1,0,1,0,0,1,1,1,1,0,1
scen4,frame_00227.jpg,0,0,0,0,1,0,1,0,0,1,1,1,1,0,1
scen4,frame_00228.jpg,0,0,0,0,1,0,1,0,0,1,1,1,1,0,1
scen4,frame_00229.jpg,0,0,0,0,1,0,1,0,0,1,1,1,1,0,1
scen4,frame_00230.jpg,0,0,0,0,1,0,1,0,0,1,1,1,1,0,1
scen4,frame_00231.jpg,0,0,0,0,1,0,1,0,0,1,1,1,1,0,1
scen4,frame_00232.jpg,0,0,0,0,1,0,1,0,0,1,1,1,1,0,1
scen4,frame_00233.jpg,0,0,0,0,1,0,1,0,0,1,1,1,1,0,1
scen4,frame_00234.jpg,0,0,0,0,1,0,1,0,0,1,1,1,1,0,1
scen4,frame_00235.jpg,0,0,0,0,1,0,1,0,0,1,1,1,1,0,1
scen4,frame_00236.jpg,0,0,0,0,1,0,1,0,0,1,1,1,1,0,1
scen4,frame_00237.jpg,0,0,0,0,1,0,1,0,0,1,1,1,1,0,1
scen4,frame_00238.jpg,0,0,0,0,1,0,1,0,0,1,1,1,1,0,1
scen4,frame_00239.jpg,0,0,0,0,1,0,1,0,0,1,1,1,1,0,1
scen4,frame_00240.jpg,0,0,0,0,1,0,1,0,0,1,1,1,1,0,1
scen4,frame_00241.jpg,0,0,0,0,1,0,1,0,0,1,1,1,1,0,1
scen4,frame_00242.jpg,0,0,0,0,1,0,1,0,0,1,1,1,1,0,1
scen4,frame_00243.jpg,0,0,0,0,1,0,1,0,0,1,1,1,1,0,1
scen4,frame_00244.jpg,0,0,0,0,1,0,1,0,0,1,1,1,1,0,1
scen4,frame_00245.jpg,0,0,0,0,1,0,1,0,0,1,1,1,1,0,1
scen4,frame_00246.jpg,0,0,0,0,1,0,1,0,0,1,1,1,1,0,1
scen4,frame_00247.jpg,0,0,0,0,1,0,1,0,0,1,1,1,1,0,1
scen4,frame_00248.jpg,0,0,0,0,1,0,1,0,0,1,1,1,1,0,1
scen4,frame_00249.jpg,0,0,0,0,1,0,1,0,0,1,1,1,1,0,1
scen4,frame_00250.jpg,0,0,0,0,1,0,1,0,0,1,1,1,1,0,1
scen4,frame_00251.jpg,0,0,0,0,1,0,1,0,0,1,1,1,1,0,1
scen4,frame_00252.jpg,0,0,0,0,1,0,1,0,0,1,1,1,1,0,1
scen4,frame_00253.jpg,0,0,0,1,1,0,1,0,0,1,1,1,1,0,1
scen4,frame_00254.jpg,0,0,0,1,1,0,1,0,0,1,1,1,1,0,1
scen4,frame_00255.jpg,0,0,0,1,1,0,1,0,0,1,1,1,1,0,1
scen4,frame_00256.jpg,0,0,0,1,1,0,1,0,0,1,1,1,1,0,1
scen4,frame_00257.jpg,0,0,0,1,1,0,1,0,0,1,1,1,1,0,1
scen4,frame_00258.jpg,0,0,0,1,1,0,1,0,0,1,1,1,1,0,1
scen4,frame_00259.jpg,0,0,0,1,1,0,1,0,0,1,1,1,1,0,1
scen4,frame_00260.jpg,0,0,0,1,1,0,1,0,0,1,1,1,1,0,1
scen4,frame_00261.jpg,0,0,0,1,1,0,1,0,0,1,1,1,1,0,1
scen4,frame_00262.jpg,0,0,0,0,1,0,1,0,0,1,1,1,1,0,1
scen4,frame_00263.jpg,0,0,0,0,1,0,1,0,0,1,1,1,1,0,1
scen4,frame_00264.jpg,0,0,0,0,1,0,1,0,0,1,1,1,1,0,1
scen4,frame_00265.jpg,0,0,0,0,1,0,1,0,0,1,1,1,1,0,1
scen4,frame_00266.jpg,0,0,0,0,1,0,1,0,0,1,1,1,1,0,1
scen4,frame_00267.jpg,0,0,0,0,1,0,1,0,0,1,1,1,1,0,1
scen4,frame_00268.jpg,0,0,0,0,1,0,1,0,0,1,1,1,1,0,1
scen4,frame_00269.jpg,0,0,0,0,1,0,1,0,0,1,1,1,1,0,1
scen4,frame_00270.jpg,0,0,0,0,1,0,1,0,0,1,1,1,1,0,1
scen4,frame_00271.jpg,0,0,0,0,1,0,1,0,0,1,1,1,1,0,1
scen4,frame_00272.jpg,0,0,0,0,1,0,1,0,0,1,1,1,1,0,1
scen4,frame_00273.jpg,0,0,0,0,1,0,1,0,0,1,1,1,1,0,1
scen4,frame_00274.jpg,0,0,0,0,1,0,1,0,0,1,1,1,1,0,1
scen5,frame_00000.jpg,0,1,0,1,1,0,0,0,0,1,0,1,1,1,1
scen5,frame_00001.jpg,0,1,0,1,1,0,0,0,0,1,0,1,1,1,1
scen5,frame_00002.jpg,0,1,0,1,1,0,0,0,0,1,0,1,1,1,1
scen5,frame_00003.jpg,0,1,1,1,1,0,0,0,0,1,0,1,1,1,1
scen5,frame_00004.jpg,0,1,0,1,1,0,0,0,0,1,0,1,1,1,1
scen5,frame_00005.jpg,0,1,0,1,1,0,0,0,0,1,0,1,1,1,1
scen5,frame_00006.jpg,0,1,1,1,1,0,0,0,0,1,0,1,1,1,1
scen5,frame_00007.jpg,0,1,1,1,1,0,0,0,0,1,0,1,1,1,1
scen5,frame_00008.jpg,0,1,0,1,1,0,0,0,0,1,0,1,1,1,1
scen5,frame_00009.jpg,0,1,0,1,1,0,0,0,0,1,0,1,1,1,1
scen5,frame_00010.jpg,0,1,1,1,1,0,0,0,0,1,0,1,1,1,1
scen5,frame_00011.jpg,0,1,0,1,1,0,0,0,0,1,0,1,1,1,1
scen5,frame_00012.jpg,0,1,1,1,1,0,0,0,0,1,0,1,1,1,1
scen5,frame_00013.jpg,0,1,1,0,1,0,0,0,0,1,0,1,1,1,1
scen5,frame_00014.jpg,0,1,1,1,1,0,0,0,0,1,0,1,1,1,1
scen5,frame_00015.jpg,0,1,1,1,1,0,0,0,0,1,0,1,1,1,1
scen5,frame_00016.jpg,0,1,0,1,1,0,0,0,0,1,0,1,1,1,1
scen5,frame_00017.jpg,0,1,1,1,1,0,0,0,0,1,0,1,1,1,1
scen5,frame_00018.jpg,0,1,0,0,1,0,0,0,0,1,0,1,1,1,1
scen5,frame_00019.jpg,0,1,1,1,1,0,0,0,0,1,0,1,1,1,1
scen5,frame_00020.jpg,0,1,1,1,1,0,0,0,0,1,0,1,1,1,1
scen5,frame_00021.jpg,0,1,0,1,1,0,0,0,0,1,0,1,1,1,1
scen5,frame_00022.jpg,0,1,1,1,1,0,0,0,0,1,0,1,1,1,1
scen5,frame_00023.jpg,0,1,1,1,1,0,0,0,0,1,0,1,1,1,1
scen5,frame_00024.jpg,0,1,1,1,1,0,0,0,0,1,0,1,1,1,1
scen5,frame_00025.jpg,0,1,0,1,1,0,0,0,0,1,0,1,1,1,1
scen5,frame_00026.jpg,0,1,0,1,1,0,0,0,0,1,0,1,1,1,1
scen5,frame_00027.jpg,0,1,1,1,1,0,0,0,0,1,0,1,1,1,1
scen5,frame_00028.jpg,0,1,0,0,1,0,1,0,0,1,0,1,1,1,1
scen5,frame_00029.jpg,0,1,0,1,1,0,0,0,0,1,0,1,1,1,1
scen5,frame_00030.jpg,0,1,0,0,1,0,0,0,0,1,0,1,1,1,1
scen5,frame_00031.jpg,0,1,1,0,1,0,0,0,0,1,0,1,1,1,1
scen5,frame_00032.jpg,0,1,0,0,1,0,0,0,0,1,0,1,1,1,1
scen5,frame_00033.jpg,0,1,1,1,1,0,0,0,0,1,0,1,1,1,1
scen5,frame_00034.jpg,0,1,0,1,1,0,0,0,0,1,0,1,1,1,1
scen5,frame_00035.jpg,0,1,1,1,1,0,0,0,0,1,0,1,1,1,1
scen5,frame_00036.jpg,0,1,0,0,1,0,0,0,0,1,0,1,1,1,1
scen5,frame_00037.jpg,0,1,1,1,1,0,0,0,0,1,0,1,1,1,1
scen5,frame_00038.jpg,0,1,0,1,1,0,0,0,0,1,0,1,1,1,1
scen5,frame_00039.jpg,0,1,1,0,1,0,0,0,0,1,0,1,1,1,1
scen5,frame_00040.jpg,0,1,0,1,1,0,1,0,0,1,0,1,1,1,1
scen5,frame_00041.jpg,0,1,1,1,1,0,1,0,0,1,0,1,1,1,1
scen5,frame_00042.jpg,0,1,1,1,1,0,1,0,0,1,0,1,1,1,1
scen5,frame_00043.jpg,0,1,0,1,1,0,1,0,0,1,0,1,1,1,1
scen5,frame_00044.jpg,0,1,0,0,1,0,1,0,0,1,0,1,1,1,1
scen5,frame_00045.jpg,0,1,0,1,1,0,1,0,0,1,0,1,1,1,1
scen5,frame_00202.jpg,1,1,1,0,1,0,0,1,1,1,1,1,1,1,1
scen5,frame_00203.jpg,1,1,1,0,1,0,1,1,1,1,1,1,1,1,1
scen5,frame_00204.jpg,1,1,1,0,1,0,0,1,1,1,1,1,1,1,1
scen5,frame_00205.jpg,1,1,1,0,1,0,0,1,1,1,1,1,1,1,1
scen5,frame_00206.jpg,1,1,1,0,1,0,1,1,1,1,1,1,1,1,1
scen5,frame_00207.jpg,1,1,1,0,1,0,1,1,1,1,1,1,1,1,1
scen5,frame_00208.jpg,1,1,1,0,1,0,1,1,1,1,1,1,1,1,1
scen5,frame_00209.jpg,1,1,1,0,1,0,0,1,1,1,1,1,1,1,1
scen5,frame_00210.jpg,1,1,1,0,1,0,0,1,1,1,1,1,1,1,1
scen5,frame_00211.jpg,1,1,1,0,1,0,0,1,1,1,1,1,1,1,1
scen5,frame_00212.jpg,1,1,1,0,1,0,0,1,1,1,1,1,1,1,1
scen5,frame_00213.jpg,1,1,1,0,1,0,1,1,1,1,1,1,1,1,1
scen5,frame_00214.jpg,1,1,1,0,1,0,1,1,1,1,1,1,1,1,1
scen5,frame_00215.jpg,1,1,1,0,1,0,0,1,1,1,1,1,1,1,1
scen5,frame_00216.jpg,1,1,1,0,1,0,0,1,1,1,1,1,1,1,1
scen5,frame_00217.jpg,1,1,1,0,1,0,1,1,1,1,1,1,1,1,1
scen5,frame_00218.jpg,1,1,1,0,1,0,0,1,1,1,1,1,1,1,1
scen5,frame_00219.jpg,1,1,1,0,1,0,0,1,1,1,1,1,1,1,1
scen5,frame_00220.jpg,1,1,1,0,1,0,0,1,1,1,1,1,1,1,1
scen5,frame_00221.jpg,1,1,1,0,1,0,0,1,1,1,1,1,1,1,1
scen5,frame_00222.jpg,1,1,1,0,1,0,0,1,1,1,1,1,1,1,1
scen5,frame_00223.jpg,1,1,1,0,1,0,0,1,1,1,1,1,1,1,1
scen5,frame_00224.jpg,1,1,1,0,1,0,0,1,1,1,1,1,1,1,1
scen5,frame_00225.jpg,1,1,1,0,1,0,0,1,1,1,1,1,1,1,1
scen5,frame_00226.jpg,1,1,1,0,1,0,0,1,1,1,1,1,1,1,1
scen5,frame_00227.jpg,1,1,1,0,1,0,0,1,1,1,1,1,1,1,1
scen5,frame_00228.jpg,1,1,1,0,1,0,0,1,1,1,1,1,1,1,1
scen5,frame_00229.jpg,1,1,1,0,1,0,1,1,1,1,1,1,1,0,1
scen5,frame_00230.jpg,1,1,1,0,1,0,0,1,1,1,1,1,1,0,1
scen5,frame_00231.jpg,1,1,1,0,1,0,1,1,1,1,1,1,1,0,1
scen5,frame_00232.jpg,1,1,1,0,1,0,0,1,1,1,1,1,1,0,1
scen5,frame_00233.jpg,1,1,1,0,1,0,0,1,1,1,1,1,1,1,1
scen5,frame_00234.jpg,1,1,1,0,1,0,0,1,1,1,1,1,1,1,1
scen5,frame_00235.jpg,1,1,1,0,1,0,1,1,1,1,1,1,1,1,1
scen5,frame_00236.jpg,1,1,1,0,1,0,0,1,1,1,1,1,1,1,1
scen5,frame_00237.jpg,1,1,1,0,1,0,0,1,1,1,1,1,1,1,1
scen5,frame_00238.jpg,1,1,1,0,1,0,0,1,1,1,1,1,1,1,1
scen5,frame_00239.jpg,1,1,1,0,1,0,1,1,1,1,1,1,1,1,1
scen5,frame_00240.jpg,1,1,1,0,1,0,0,1,1,1,1,1,1,1,1
scen5,frame_00241.jpg,1,1,1,0,1,0,0,1,1,1,1,1,1,1,1
scen5,frame_00242.jpg,1,1,1,0,1,0,1,1,1,1,1,1,1,1,1
scen5,frame_00243.jpg,1,1,1,0,1,0,0,1,1,1,1,1,1,1,1
scen6,frame_00000.jpg,0,0,0,1,1,0,1,0,0,1,1,1,1,0,1
scen6,frame_00001.jpg,0,0,0,0,1,0,1,0,0,1,1,1,1,0,1
scen6,frame_00002.jpg,0,0,0,0,1,0,1,0,0,1,1,1,1,0,1
scen6,frame_00003.jpg,0,0,0,0,1,0,1,0,0,1,1,1,1,0,1
scen6,frame_00004.jpg,0,0,0,0,1,0,1,0,0,1,1,1,1,0,1
scen6,frame_00005.jpg,0,0,0,0,1,0,1,0,0,1,1,1,1,0,1
scen6,frame_00006.jpg,0,0,0,0,1,0,1,0,0,1,1,1,1,0,1
scen6,frame_00007.jpg,0,0,0,1,1,0,0,0,0,1,1,1,1,0,1
scen6,frame_00008.jpg,0,0,0,0,1,0,0,0,0,1,1,1,1,0,1
scen6,frame_00009.jpg,0,0,0,1,1,0,1,0,0,1,1,1,1,0,1
scen6,frame_00010.jpg,0,0,0,0,1,0,1,0,0,1,1,1,1,0,1
scen6,frame_00011.jpg,0,0,0,0,1,0,1,0,0,1,1,1,1,0,1
scen6,frame_00012.jpg,0,0,0,0,1,0,1,0,0,1,1,1,1,0,1
scen6,frame_00013.jpg,0,0,0,0,1,0,1,0,0,1,1,1,1,0,1
scen6,frame_00014.jpg,0,0,0,0,1,0,1,0,0,1,1,1,1,0,1
scen6,frame_00015.jpg,0,0,0,0,1,0,1,0,0,1,1,1,1,0,1
scen6,frame_00016.jpg,0,0,0,0,1,0,1,0,0,1,1,1,1,0,1
scen6,frame_00017.jpg,0,0,0,0,1,0,1,0,0,1,1,1,1,0,1
scen6,frame_00018.jpg,0,0,0,0,1,0,1,0,0,1,1,1,1,0,1
scen6,frame_00019.jpg,0,0,0,0,1,0,1,0,0,1,1,1,1,0,1
scen6,frame_00020.jpg,0,0,0,0,1,0,1,0,0,1,1,1,1,0,1
scen6,frame_00021.jpg,0,0,0,0,1,0,1,0,0,1,1,1,1,0,1
scen6,frame_00022.jpg,0,0,0,0,1,0,1,0,0,1,1,1,1,0,1
scen6,frame_00023.jpg,0,0,0,0,1,0,1,0,0,1,1,1,1,0,1
scen6,frame_00024.jpg,0,0,0,0,1,0,1,0,0,1,1,1,1,0,1
scen6,frame_00025.jpg,0,0,0,0,1,0,1,0,0,1,1,1,1,0,1
scen6,frame_00026.jpg,0,0,0,0,1,0,1,0,0,1,1,1,1,0,1
scen6,frame_00027.jpg,0,0,0,0,1,0,1,0,0,1,1,1,1,0,1
scen6,frame_00028.jpg,0,0,0,0,1,0,1,0,0,1,1,1,1,0,1
scen6,frame_00029.jpg,0,0,0,0,1,0,1,0,0,1,1,1,1,0,1
scen6,frame_00030.jpg,0,0,0,0,1,0,1,0,0,1,1,1,1,0,1
scen6,frame_00031.jpg,0,0,0,0,1,0,1,0,0,1,1,1,1,0,1
scen6,frame_00032.jpg,0,0,0,0,1,0,1,0,0,1,1,1,1,0,1
scen6,frame_00033.jpg,0,0,0,0,1,0,1,0,0,1,1,1,1,0,1
scen6,frame_00034.jpg,0,0,0,0,1,0,1,0,0,1,1,1,1,0,1
scen6,frame_00035.jpg,0,0,0,0,1,0,1,0,0,1,1,1,1,0,1
scen6,frame_00036.jpg,0,0,0,1,1,0,1,0,0,1,1,1,1,0,1
scen6,frame_00037.jpg,0,0,0,0,1,0,1,0,0,1,1,1,1,0,1
scen6,frame_00038.jpg,0,0,0,0,1,0,1,0,0,1,1,1,1,0,1
scen6,frame_00039.jpg,0,0,0,0,1,0,1,0,0,1,1,1,1,0,1
scen6,frame_00040.jpg,0,0,0,0,1,0,1,0,0,1,1,1,1,0,1
scen6,frame_00041.jpg,0,0,0,0,1,0,1,0,0,1,1,1,1,0,1
scen6,frame_00221.jpg,1,1,0,1,1,0,1,0,0,1,0,1,1,1,1
scen6,frame_00222.jpg,1,1,0,1,1,0,0,0,0,1,0,1,1,1,1
scen6,frame_00223.jpg,0,1,0,1,1,0,1,0,0,1,0,1,1,1,1
scen6,frame_00224.jpg,1,1,0,1,1,0,1,0,0,1,0,1,1,1,1
scen6,frame_00225.jpg,0,1,1,0,1,0,1,0,0,1,0,1,1,1,1
scen6,frame_00226.jpg,1,1,0,0,1,0,1,0,0,1,0,1,1,1,1
scen6,frame_00227.jpg,0,1,0,0,1,0,1,0,0,1,0,1,1,1,1
scen6,frame_00228.jpg,1,1,1,0,1,0,1,0,0,1,0,1,1,1,1
scen6,frame_00229.jpg,1,1,1,0,1,0,1,0,0,1,0,1,1,1,1
scen6,frame_00230.jpg,1,1,1,0,1,0,1,0,0,1,0,1,1,1,1
scen6,frame_00231.jpg,1,1,0,0,1,0,1,0,0,1,0,1,1,1,1
scen6,frame_00232.jpg,0,1,1,0,1,0,1,0,0,1,0,1,1,1,1
scen6,frame_00233.jpg,0,1,1,0,1,0,1,0,0,1,0,1,1,1,1
scen6,frame_00234.jpg,1,1,1,0,1,0,1,0,0,1,0,1,1,1,1
scen6,frame_00235.jpg,0,1,1,0,1,0,1,0,0,1,0,1,1,1,1
scen6,frame_00236.jpg,0,1,0,0,1,0,1,0,0,1,0,1,1,1,1
scen6,frame_00237.jpg,1,1,1,0,1,0,0,0,0,1,0,1,1,1,1
scen6,frame_00238.jpg,1,1,0,0,1,0,1,0,0,1,0,1,1,1,1
scen6,frame_00239.jpg,1,1,0,0,1,0,1,0,0,1,0,1,1,1,1
scen6,frame_00240.jpg,1,1,1,0,1,0,1,0,0,1,0,1,1,1,1
scen6,frame_00241.jpg,1,1,0,0,1,0,1,0,0,1,0,1,1,1,1
scen6,frame_00242.jpg,1,1,0,0,1,0,1,0,0,1,0,1,1,1,1
scen6,frame_00243.jpg,1,1,0,0,1,0,0,0,0,1,0,1,1,1,1
scen6,frame_00244.jpg,1,1,0,0,1,0,1,0,0,1,0,1,1,1,1
scen6,frame_00245.jpg,1,1,1,0,1,0,0,0,0,1,0,1,1,1,1
scen6,frame_00246.jpg,1,1,1,0,1,0,0,0,0,1,0,1,1,1,1
scen6,frame_00247.jpg,1,1,1,0,1,0,1,0,0,1,0,1,1,1,1
scen6,frame_00248.jpg,1,1,1,0,1,0,1,0,0,1,0,1,1,1,1
scen6,frame_00249.jpg,1,1,1,0,1,0,0,0,0,1,0,1,1,1,1
scen6,frame_00250.jpg,1,1,0,0,1,0,1,0,0,1,0,1,1,1,1
scen6,frame_00251.jpg,1,1,0,1,1,0,0,0,0,1,0,1,1,1,1
scen6,frame_00252.jpg,1,1,0,1,1,0,1,0,0,1,0,1,1,1,1
scen6,frame_00253.jpg,1,1,0,1,1,0,0,0,0,1,0,1,1,1,1
scen6,frame_00254.jpg,1,1,0,0,1,0,0,0,0,1,0,1,1,1,1
scen6,frame_00255.jpg,1,1,0,0,1,0,0,0,0,1,0,1,1,1,1
scen6,frame_00256.jpg,1,1,0,0,1,0,0,0,0,1,0,1,1,1,1
scen6,frame_00257.jpg,1,1,0,0,1,0,1,0,0,1,0,1,1,1,1
scen6,frame_00258.jpg,1,1,0,0,1,0,0,0,0,1,0,1,1,1,1
scen6,frame_00259.jpg,1,1,0,0,1,0,1,0,0,1,0,1,1,1,1
scen6,frame_00260.jpg,1,1,0,0,1,0,0,0,0,1,0,1,1,1,1
scen6,frame_00261.jpg,1,1,0,0,1,0,0,0,0,1,0,1,1,1,1
scen6,frame_00262.jpg,1,1,0,0,1,0,0,0,0,1,0,1,1,1,1
scen6,frame_00263.jpg,1,1,0,0,1,0,1,0,0,1,0,1,1,1,1
scen6,frame_00264.jpg,1,1,1,0,1,0,1,0,0,1,0,1,1,1,1
scen6,frame_00265.jpg,1,1,0,0,1,0,1,0,0,1,0,1,1,1,1
scen6,frame_00266.jpg,1,1,1,1,1,0,1,0,0,1,0,1,1,1,1
scen6,frame_00267.jpg,1,1,1,0,1,0,1,0,0,1,0,1,1,1,1
scen6,frame_00268.jpg,1,1,1,1,1,0,1,0,0,1,0,1,1,1,1
scen6,frame_00269.jpg,1,1,1,0,1,0,1,0,0,1,0,1,1,1,1
scen6,frame_00270.jpg,1,1,1,0,1,0,1,0,0,1,0,1,1,1,1
scen6,frame_00271.jpg,1,1,1,1,1,0,1,0,0,1,0,1,1,1,1
scen6,frame_00272.jpg,1,1,1,0,1,0,1,0,0,1,0,1,1,1,1
scen6,frame_00273.jpg,1,1,0,0,1,0,1,0,0,1,0,1,1,1,1
scen6,frame_00274.jpg,1,1,0,0,1,0,1,0,0,1,0,1,1,1,1
scen6,frame_00275.jpg,1,1,0,0,1,0,1,0,0,1,0,1,1,1,1
scen6,frame_00276.jpg,1,1,0,0,1,0,1,0,0,1,0,1,1,1,1
scen6,frame_00277.jpg,1,1,0,0,1,0,1,0,0,1,0,1,1,1,1
scen6,frame_00278.jpg,1,1,0,0,1,0,1,0,0,1,0,1,1,1,1
scen6,frame_00279.jpg,1,1,0,1,1,0,1,0,0,1,0,1,1,1,1
scen6,frame_00280.jpg,1,1,0,0,1,0,1,0,0,1,0,1,1,1,1
scen6,frame_00281.jpg,1,1,0,0,1,0,1,0,0,1,0,1,1,1,1
scen6,frame_00282.jpg,1,1,0,1,1,0,1,0,0,1,0,1,1,1,1
scen6,frame_00283.jpg,1,1,0,1,1,0,1,0,0,1,0,1,1,1,1
scen6,frame_00284.jpg,1,1,1,1,1,0,1,0,0,1,0,1,1,1,1
scen6,frame_00285.jpg,0,1,0,1,1,0,1,0,0,1,0,1,1,1,1
scen6,frame_00286.jpg,1,1,1,0,1,0,1,0,0,1,0,1,1,1,1
scen6,frame_00287.jpg,1,1,0,0,1,0,1,0,0,1,0,1,1,1,1
scen6,frame_00288.jpg,1,1,1,0,1,0,1,0,0,1,0,1,1,1,1
scen6,frame_00289.jpg,1,1,0,0,1,0,1,0,0,1,0,1,1,1,1
scen6,frame_00290.jpg,1,1,0,0,1,0,1,0,0,1,0,1,1,1,1
scen6,frame_00291.jpg,1,1,0,0,1,0,1,0,0,1,0,1,1,1,1
scen6,frame_00292.jpg,1,1,1,0,1,0,1,0,0,1,0,1,1,1,1
scen6,frame_00293.jpg,1,1,1,0,1,0,1,0,0,1,0,1,1,1,1
scen6,frame_00294.jpg,1,1,0,0,1,0,1,0,0,1,0,1,1,1,1
scen6,frame_00295.jpg,1,1,0,0,1,0,1,0,0,1,0,1,1,1,1
scen6,frame_00296.jpg,1,1,1,0,1,0,1,0,0,1,0,1,1,1,1
scen6,frame_00297.jpg,1,1,1,0,1,0,1,0,0,1,0,1,1,1,1
scen6,frame_00298.jpg,1,1,1,0,1,0,1,0,0,1,0,1,1,1,1
scen6,frame_00299.jpg,1,1,1,0,1,0,1,0,0,1,0,1,1,1,1
scen6,frame_00300.jpg,1,1,1,0,1,0,1,0,0,1,0,1,1,1,1
scen6,frame_00301.jpg,1,1,1,0,1,0,1,0,0,1,0,1,1,1,1
scen6,frame_00302.jpg,1,1,1,0,1,0,1,0,0,1,0,1,1,1,1
scen7,frame_00000.jpg,0,1,1,0,1,0,1,1,1,1,1,1,1,1,1
scen7,frame_00001.jpg,0,1,1,0,1,0,1,1,1,1,1,1,1,1,1
scen7,frame_00002.jpg,0,1,1,0,1,0,1,1,1,1,1,1,1,1,1
scen7,frame_00003.jpg,0,1,1,0,1,0,1,1,1,1,1,1,1,1,1
scen7,frame_00004.jpg,0,1,1,0,1,0,1,1,1,1,1,1,1,1,1
scen7,frame_00005.jpg,0,1,1,0,1,0,1,1,1,1,1,1,1,1,1
scen7,frame_00006.jpg,0,1,1,0,1,0,1,1,1,1,1,1,1,1,1
scen7,frame_00007.jpg,0,1,1,0,1,0,1,1,1,1,1,1,1,1,1
scen7,frame_00008.jpg,0,1,1,0,1,0,1,1,1,1,1,1,1,1,0
scen7,frame_00009.jpg,0,1,1,0,1,0,1,1,1,1,1,1,1,1,0
scen7,frame_00010.jpg,0,1,1,0,1,0,1,1,1,1,1,1,1,1,1
scen7,frame_00011.jpg,0,1,1,0,1,0,1,1,1,1,1,1,1,1,0
scen7,frame_00012.jpg,0,1,1,0,1,0,1,1,1,1,1,1,1,1,0
scen7,frame_00013.jpg,0,1,1,0,1,0,1,1,1,1,1,1,1,1,0
scen7,frame_00014.jpg,0,1,1,0,1,0,1,1,1,1,1,1,1,1,0
scen7,frame_00015.jpg,0,1,1,0,1,0,1,1,1,1,1,1,1,1,0
scen7,frame_00016.jpg,0,1,1,0,1,0,1,1,1,1,1,1,1,1,0
scen7,frame_00017.jpg,0,1,1,0,1,0,1,1,1,1,1,1,1,1,0
scen7,frame_00018.jpg,0,1,1,0,1,0,1,1,1,1,1,1,1,1,0
scen7,frame_00019.jpg,0,1,1,0,1,0,1,1,1,1,1,1,1,1,0
scen7,frame_00020.jpg,0,1,1,0,1,0,1,1,1,1,1,1,1,1,0
scen7,frame_00223.jpg,0,1,0,0,0,1,1,1,1,0,0,0,1,1,1
scen7,frame_00224.jpg,0,1,0,0,0,1,1,1,1,0,0,0,1,1,1
scen7,frame_00225.jpg,0,1,0,0,0,1,1,1,1,0,0,0,1,1,1
scen7,frame_00226.jpg,0,1,0,0,0,1,1,1,1,0,0,0,1,1,1
scen7,frame_00227.jpg,0,1,0,0,0,1,1,1,1,0,0,0,1,1,1
scen7,frame_00228.jpg,0,1,0,1,0,1,1,1,1,0,0,0,1,1,1
scen7,frame_00229.jpg,0,1,0,1,0,1,1,1,1,0,0,0,1,1,1
scen7,frame_00230.jpg,0,1,0,0,0,1,1,1,1,0,0,0,1,1,1
scen7,frame_00231.jpg,0,1,0,0,0,1,1,1,1,0,0,0,1,1,1
scen7,frame_00232.jpg,0,1,0,0,0,1,1,1,1,0,0,0,1,1,1
scen7,frame_00233.jpg,0,1,0,0,0,1,1,1,1,0,0,0,1,1,1
scen7,frame_00234.jpg,0,1,0,0,0,1,1,1,1,0,0,0,1,1,1
scen7,frame_00235.jpg,0,1,0,0,0,1,1,1,1,1,0,0,1,1,1
